-- MySQL dump 10.13  Distrib 5.5.29, for osx10.6 (i386)
--
-- Host: localhost    Database: rempatri_p4_10rempatrick_com
-- ------------------------------------------------------
-- Server version	5.5.29

/*!40101 SET @OLD_CHARACTER_SET_CLIENT=@@CHARACTER_SET_CLIENT */;
/*!40101 SET @OLD_CHARACTER_SET_RESULTS=@@CHARACTER_SET_RESULTS */;
/*!40101 SET @OLD_COLLATION_CONNECTION=@@COLLATION_CONNECTION */;
/*!40101 SET NAMES utf8 */;
/*!40103 SET @OLD_TIME_ZONE=@@TIME_ZONE */;
/*!40103 SET TIME_ZONE='+00:00' */;
/*!40014 SET @OLD_UNIQUE_CHECKS=@@UNIQUE_CHECKS, UNIQUE_CHECKS=0 */;
/*!40014 SET @OLD_FOREIGN_KEY_CHECKS=@@FOREIGN_KEY_CHECKS, FOREIGN_KEY_CHECKS=0 */;
/*!40101 SET @OLD_SQL_MODE=@@SQL_MODE, SQL_MODE='NO_AUTO_VALUE_ON_ZERO' */;
/*!40111 SET @OLD_SQL_NOTES=@@SQL_NOTES, SQL_NOTES=0 */;

--
-- Table structure for table `game`
--

DROP TABLE IF EXISTS `game`;
/*!40101 SET @saved_cs_client     = @@character_set_client */;
/*!40101 SET character_set_client = utf8 */;
CREATE TABLE `game` (
  `game_id` int(11) NOT NULL AUTO_INCREMENT,
  `home` int(11) NOT NULL,
  `away` int(11) NOT NULL,
  `created` int(11) NOT NULL,
  `home_points` smallint(6) NOT NULL DEFAULT '0',
  `away_points` smallint(6) NOT NULL DEFAULT '0',
  `periods` tinyint(4) NOT NULL DEFAULT '4',
  `period_minutes` tinyint(4) NOT NULL DEFAULT '12',
  `cur_per` tinyint(4) NOT NULL DEFAULT '1',
  PRIMARY KEY (`game_id`),
  UNIQUE KEY `game_id` (`game_id`),
  KEY `home` (`home`),
  KEY `away` (`away`),
  CONSTRAINT `game_ibfk_1` FOREIGN KEY (`home`) REFERENCES `team` (`team_id`),
  CONSTRAINT `game_ibfk_2` FOREIGN KEY (`away`) REFERENCES `team` (`team_id`)
) ENGINE=InnoDB AUTO_INCREMENT=122 DEFAULT CHARSET=utf8;
/*!40101 SET character_set_client = @saved_cs_client */;

--
-- Dumping data for table `game`
--

LOCK TABLES `game` WRITE;
/*!40000 ALTER TABLE `game` DISABLE KEYS */;
INSERT INTO `game` VALUES (7,7,8,1387103845,0,0,4,12,1),(8,9,10,1387104497,0,0,4,12,1),(9,11,12,1387129929,0,0,4,12,1),(10,14,15,1387137682,0,0,4,12,1),(11,16,17,1387137717,0,0,4,12,1),(12,18,19,1387137868,0,0,4,12,1),(13,20,21,1387137885,0,0,4,12,1),(14,22,23,1387139108,0,0,4,12,1),(15,24,25,1387139169,0,0,4,12,1),(16,26,27,1387139194,0,0,4,12,1),(17,28,29,1387139212,0,0,4,12,1),(18,30,31,1387139320,0,0,4,12,1),(19,32,33,1387139489,0,0,4,12,1),(20,34,35,1387139512,0,0,4,12,1),(21,36,37,1387139534,0,0,4,12,1),(22,38,39,1387139618,0,0,4,12,1),(23,40,41,1387139646,0,0,4,12,1),(24,42,43,1387139695,0,0,4,12,1),(25,44,45,1387139823,0,0,4,12,1),(26,46,47,1387140103,0,0,4,12,1),(27,1,2,1387140530,0,0,4,12,1),(29,1,2,1387141337,0,0,4,12,1),(30,1,2,1387141417,0,0,4,12,1),(31,1,2,1387141967,0,0,4,12,1),(39,7,2,1387152015,0,0,0,0,1),(40,12,16,1387152029,0,0,0,0,1),(41,1,18,0,0,0,4,12,1),(42,1,12,1387155394,0,0,4,12,1),(43,1,2,1387203182,0,0,4,12,1),(44,11,12,1387203704,0,0,4,12,1),(45,11,6,1387205511,0,0,4,12,1),(46,11,6,1387556208,0,0,4,12,1),(47,1,2,1387564691,0,0,4,12,1),(48,11,1,1387565461,0,0,4,12,1),(49,11,1,1387566278,0,0,4,12,1),(50,11,1,1387566325,0,0,4,12,1),(51,1,2,1387588348,0,0,4,12,1),(52,1,2,1387589628,0,0,4,12,1),(53,1,11,1387589636,0,0,4,12,1),(54,1,11,1387589653,0,0,4,12,1),(55,1,11,1387589691,0,0,4,12,1),(56,1,11,1387589739,0,0,4,12,1),(57,1,11,1387589781,0,0,4,12,1),(58,11,1,1387589888,0,0,4,12,1),(59,11,1,1387589950,0,0,4,12,1),(60,1,2,1387590681,0,0,4,12,1),(61,1,2,1387590692,0,0,4,12,1),(62,1,2,1387590697,0,0,4,12,1),(63,11,1,1387590704,0,0,4,12,1),(64,11,1,1387590710,0,0,4,12,1),(65,11,1,1387590734,0,0,4,12,1),(66,1,6,1387590791,0,0,4,12,1),(67,1,6,1387590810,0,0,4,12,1),(68,11,11,1387591138,0,0,4,12,1),(69,11,1,1387591145,0,0,4,12,1),(70,11,1,1387591221,0,0,4,12,1),(71,11,1,1387591275,0,0,4,12,1),(72,11,1,1387591278,0,0,4,12,1),(73,11,6,1387591294,0,0,4,12,1),(74,11,1,1387591335,0,0,4,12,1),(75,11,1,1387591715,0,0,4,12,1),(76,11,1,1387639203,0,0,4,12,1),(77,11,1,1387639751,0,0,4,12,1),(78,11,1,1387639788,0,0,4,12,1),(79,11,1,1387639844,0,0,4,12,1),(80,11,2,1387639941,0,0,4,12,1),(81,11,2,1387640568,0,0,4,12,1),(82,1,2,1387640771,0,0,4,12,1),(83,11,12,1387640866,0,0,4,12,1),(84,11,12,1387640928,0,0,4,12,1),(85,11,2,1387641201,0,0,4,12,1),(86,11,1,1387641409,0,0,4,12,1),(87,11,1,1387641464,0,0,4,12,1),(88,11,2,1387641795,0,0,4,12,1),(89,11,12,1387641834,0,0,4,12,1),(90,11,12,1387641932,0,0,4,12,1),(91,12,11,1387642205,0,0,4,12,1),(92,11,2,1387642244,0,0,4,12,1),(93,2,11,1387642743,0,0,4,12,1),(94,1,6,1387666273,0,0,4,12,1),(95,1,2,1387729310,0,0,4,12,1),(96,11,12,1387733921,0,0,4,12,1),(97,1,2,1387745627,0,0,4,12,1),(98,12,1,1387757243,0,0,4,12,1),(99,11,1,1387851124,0,0,4,12,2),(100,11,6,1387898438,0,0,4,12,3),(101,11,11,1387930869,0,0,4,12,1),(102,11,11,1387933071,0,0,4,12,1),(103,11,11,1387933185,0,0,4,12,1),(104,11,11,1387933302,0,0,4,12,1),(105,11,2,1387934594,0,0,4,12,1),(106,11,2,1387934620,0,0,4,12,1),(107,11,11,1387934925,0,0,4,12,1),(108,11,2,1387934929,0,0,4,12,1),(109,11,11,1387935578,0,0,4,12,1),(110,11,2,1387935583,0,0,4,12,1),(111,11,11,1387935616,0,0,4,12,1),(112,11,12,1387935620,0,0,4,12,1),(114,11,11,1387935710,0,0,4,12,1),(115,11,11,1387935750,0,0,4,12,1),(116,11,11,1387935855,0,0,4,12,1),(117,11,11,1387936137,0,0,4,12,1),(118,11,1,1387936297,0,0,4,12,1),(119,11,1,1387936570,0,0,4,12,1),(120,11,24,1387936645,0,0,4,12,1),(121,11,6,1387936657,0,0,4,12,1);
/*!40000 ALTER TABLE `game` ENABLE KEYS */;
UNLOCK TABLES;

--
-- Table structure for table `player`
--

DROP TABLE IF EXISTS `player`;
/*!40101 SET @saved_cs_client     = @@character_set_client */;
/*!40101 SET character_set_client = utf8 */;
CREATE TABLE `player` (
  `player_id` int(11) NOT NULL AUTO_INCREMENT,
  `team` int(11) NOT NULL,
  `last_name` varchar(64) NOT NULL,
  `first_name` varchar(32) NOT NULL,
  `jersey` char(2) NOT NULL,
  `pos` enum('SG','SF','C','SG','PG','PF') NOT NULL,
  PRIMARY KEY (`player_id`),
  UNIQUE KEY `player_id` (`player_id`),
  UNIQUE KEY `last_name` (`last_name`,`first_name`,`jersey`,`team`),
  UNIQUE KEY `last_name_2` (`last_name`,`first_name`,`jersey`,`team`),
  KEY `team` (`team`),
  CONSTRAINT `player_ibfk_1` FOREIGN KEY (`team`) REFERENCES `team` (`team_id`)
) ENGINE=InnoDB AUTO_INCREMENT=89 DEFAULT CHARSET=utf8;
/*!40101 SET character_set_client = @saved_cs_client */;

--
-- Dumping data for table `player`
--

LOCK TABLES `player` WRITE;
/*!40000 ALTER TABLE `player` DISABLE KEYS */;
INSERT INTO `player` VALUES (1,7,'Bennett','Anthony','15','SF'),(2,7,'Bynum','Andrew','21','C'),(3,7,'Clark','Earl','6','SF'),(4,7,'Dellavedova','Matthew','9','SG'),(5,7,'Felix','Carrick','30','SG'),(6,7,'Gee','Alonzo','33','SF'),(7,7,'Irving','Kyrie','2','PG'),(8,7,'Jack','Jarrett','1','PG'),(9,7,'Karasev','Sergey','10','SG'),(10,7,'Miles','C.J.','0','SG'),(11,7,'Sims','Henry','14','C'),(12,7,'Thompson','Tristan','13','PF'),(13,7,'Varejao','Anderson','17','C'),(14,7,'Waiters','Dion','3','SG'),(15,7,'Zeller','Tyler','40','C'),(16,1,'Bass','Brandon','30','PF'),(17,1,'Bogans','Keith','4','SG'),(18,1,'Bradley','Avery','0','PG'),(19,1,'Brooks','MarShon','12','SG'),(20,1,'Crawford','Jordan','27','SG'),(21,1,'Faverani','Vitor','38','C'),(22,1,'Green','Jeff','8','SG'),(23,1,'Humphries','Kris','43','PF'),(24,1,'Lee','Courtney','11','SG'),(25,1,'Olynyk','Kelly','41','C'),(26,1,'Pressey','Phil','26','PG'),(27,1,'Rondo','Rajon','9','PG'),(28,1,'Sullinger','Jared','7','PF'),(29,1,'Wallace','Gerald','45','SF'),(30,2,'Anderson','Alan','6','SG'),(31,2,'Blatche','Andray','0','C'),(32,2,'Evans','Reggie','30','PF'),(33,2,'Garnett','Kevin','2','PF'),(34,2,'Johnson','Joe','7','SG'),(35,2,'Kirilenko','Andrei','47','SF'),(36,2,'Livingston','Shaun','14','PG'),(37,2,'Lopez','Brook','11','C'),(38,2,'Pierce','Paul','34','SF'),(39,2,'Plumlee','Mason','1','PF'),(40,2,'Shengelia','Tornike','20','SF'),(41,2,'Taylor','Tyshawn','10','PG'),(42,2,'Teletovic','Mirza','33','PF'),(43,2,'Terry','Jason','31','SG'),(44,2,'Williams','Deron','8','PG'),(45,6,'Augustin','D.J.','14','PG'),(46,6,'Boozer','Carlos','5','PF'),(47,6,'Butler','Jimmy','21','SG'),(48,6,'Deng','Luol','9','SF'),(49,6,'Dunleavy','Mike','34','SF'),(50,6,'Gibson','Taj','22','PF'),(51,6,'Hinrich','Kirk','12','SG'),(52,6,'James','Mike','8','PG'),(53,6,'Mohammed','Nazr','48','C'),(54,6,'Murphy','Erik','31','PF'),(55,6,'Noah','Joakim','13','C'),(56,6,'Rose','Derrick','1','PG'),(57,6,'Snell','Tony','20','SF'),(58,6,'Teague','Marquis','25','PG'),(59,12,'Adrien','Jeff','4','PF'),(60,12,'Biyombo','Bismack','0','C'),(61,12,'Douglas-Roberts','Chris','17','SG'),(62,12,'Gordon','Ben','8','SG'),(63,12,'Haywood','Brendan','33','C'),(64,12,'Henderson','Gerald','9','SG'),(65,12,'Jefferson','Al','25','C'),(66,12,'Kidd-Gilchrist','Michael','14','SF'),(67,12,'McRoberts','Josh','11','PF'),(68,12,'Pargo','Jannero','5','PG'),(69,12,'Sessions','Ramon','7','PG'),(70,12,'Taylor','Jeff','44','SG'),(71,12,'Tolliver','Anthony','43','PF'),(72,12,'Walker','Kemba','15','PG'),(73,12,'Zeller','Cody','40','C'),(74,11,'Antic','Pero','6','C'),(75,11,'Ayon','Gustavo','14','PF'),(76,11,'Brand','Elton','42','PF'),(77,11,'Carroll','DeMarre','5','SF'),(78,11,'Cunningham','Jared','7','SG'),(79,11,'Horford','Al','15','C'),(80,11,'Jenkins','John','12','SG'),(81,11,'Korver','Kyle','26','SG'),(82,11,'Mack','Shelvin','8','PG'),(83,11,'Martin','Cartier','20','SF'),(84,11,'Millsap','Paul','4','PF'),(85,11,'Schroder','Dennis','17','PG'),(86,11,'Scott','Mike','32','PF'),(87,11,'Teague','Jeff','0','PG'),(88,11,'Williams','Louis','3','SG');
/*!40000 ALTER TABLE `player` ENABLE KEYS */;
UNLOCK TABLES;

--
-- Table structure for table `plays_in`
--

DROP TABLE IF EXISTS `plays_in`;
/*!40101 SET @saved_cs_client     = @@character_set_client */;
/*!40101 SET character_set_client = utf8 */;
CREATE TABLE `plays_in` (
  `player` int(11) NOT NULL,
  `game` int(11) NOT NULL,
  `team` int(11) NOT NULL,
  `reb` tinyint(4) DEFAULT '0',
  `o_reb` tinyint(4) DEFAULT '0',
  `a` smallint(6) NOT NULL DEFAULT '0',
  `pf` tinyint(4) DEFAULT '0',
  `blks` tinyint(4) DEFAULT '0',
  `turnvr` tinyint(4) DEFAULT '0',
  `fg2miss` tinyint(4) DEFAULT '0',
  `fg2` smallint(6) NOT NULL DEFAULT '0',
  `fg3miss` tinyint(4) DEFAULT '0',
  `fg3` smallint(6) NOT NULL DEFAULT '0',
  `ft_miss` tinyint(4) DEFAULT '0',
  `ft` smallint(6) NOT NULL DEFAULT '0',
  `playing` tinyint(1) DEFAULT '0',
  PRIMARY KEY (`player`,`game`),
  KEY `game` (`game`),
  CONSTRAINT `plays_in_ibfk_1` FOREIGN KEY (`player`) REFERENCES `player` (`player_id`),
  CONSTRAINT `plays_in_ibfk_2` FOREIGN KEY (`game`) REFERENCES `game` (`game_id`)
) ENGINE=InnoDB DEFAULT CHARSET=utf8;
/*!40101 SET character_set_client = @saved_cs_client */;

--
-- Dumping data for table `plays_in`
--

LOCK TABLES `plays_in` WRITE;
/*!40000 ALTER TABLE `plays_in` DISABLE KEYS */;
INSERT INTO `plays_in` VALUES (16,50,1,0,0,0,0,0,0,0,0,0,0,0,0,0),(16,56,1,0,0,0,0,0,0,0,0,0,0,0,0,1),(16,57,1,0,0,0,0,0,0,0,0,0,0,0,0,1),(16,58,1,0,0,0,0,0,0,0,0,0,0,0,0,1),(16,59,1,0,0,0,0,0,0,0,0,0,0,0,0,1),(16,60,1,0,0,0,0,0,0,0,0,0,0,0,0,1),(16,61,1,0,0,0,0,0,0,0,0,0,0,0,0,1),(16,62,1,0,0,0,0,0,0,0,0,0,0,0,0,1),(16,63,1,0,0,0,0,0,0,0,0,0,0,0,0,1),(16,64,1,0,0,0,0,0,0,0,0,0,0,0,0,1),(16,65,1,0,0,0,0,0,0,0,0,0,0,0,0,0),(16,66,1,0,0,0,0,0,0,0,0,0,0,0,0,0),(16,67,1,0,0,0,0,0,0,0,0,0,0,0,0,0),(16,69,1,0,0,0,0,0,0,0,0,0,0,0,0,0),(16,70,1,0,0,0,0,0,0,0,0,0,0,0,0,0),(16,71,1,0,0,0,0,0,0,0,0,0,0,0,0,0),(16,72,1,0,0,0,0,0,0,0,0,0,0,0,0,0),(16,74,1,0,0,0,0,0,0,0,0,0,0,0,0,0),(16,75,1,0,0,0,0,0,0,0,0,0,0,0,0,0),(16,76,1,0,0,0,0,0,0,0,0,0,0,0,0,0),(16,78,1,0,0,0,0,0,0,0,0,0,0,0,0,0),(16,79,1,0,0,0,0,0,0,0,0,0,0,0,0,0),(16,86,1,0,0,0,0,0,0,0,0,0,0,0,0,0),(16,87,1,0,0,0,0,0,0,0,0,0,0,0,0,0),(16,94,1,0,0,0,0,0,0,0,0,0,0,0,0,1),(16,95,1,0,0,0,0,0,0,0,0,0,0,0,0,0),(16,97,1,0,0,0,0,0,0,0,0,0,0,0,0,0),(16,98,1,0,0,0,0,0,0,0,5,0,1,0,3,1),(16,99,1,0,0,0,0,0,0,0,0,0,6,0,0,1),(16,118,1,0,0,0,0,0,0,0,0,0,0,0,0,1),(16,119,1,0,0,0,0,0,0,0,0,0,0,0,0,1),(17,50,1,0,0,0,0,0,0,0,0,0,0,0,0,0),(17,56,1,0,0,0,0,0,0,0,0,0,0,0,0,1),(17,57,1,0,0,0,0,0,0,0,0,0,0,0,0,1),(17,58,1,0,0,0,0,0,0,0,0,0,0,0,0,1),(17,59,1,0,0,0,0,0,0,0,0,0,0,0,0,1),(17,60,1,0,0,0,0,0,0,0,0,0,0,0,0,1),(17,61,1,0,0,0,0,0,0,0,0,0,0,0,0,1),(17,62,1,0,0,0,0,0,0,0,0,0,0,0,0,1),(17,63,1,0,0,0,0,0,0,0,0,0,0,0,0,1),(17,64,1,0,0,0,0,0,0,0,0,0,0,0,0,1),(17,65,1,0,0,0,0,0,0,0,0,0,0,0,0,0),(17,66,1,0,0,0,0,0,0,0,0,0,0,0,0,0),(17,67,1,0,0,0,0,0,0,0,0,0,0,0,0,0),(17,69,1,0,0,0,0,0,0,0,0,0,0,0,0,0),(17,70,1,0,0,0,0,0,0,0,0,0,0,0,0,0),(17,71,1,0,0,0,0,0,0,0,0,0,0,0,0,0),(17,72,1,0,0,0,0,0,0,0,0,0,0,0,0,0),(17,74,1,0,0,0,0,0,0,0,0,0,0,0,0,0),(17,75,1,0,0,0,0,0,0,0,0,0,0,0,0,0),(17,76,1,0,0,0,0,0,0,0,0,0,0,0,0,0),(17,78,1,0,0,0,0,0,0,0,0,0,0,0,0,0),(17,79,1,0,0,0,0,0,0,0,0,0,0,0,0,0),(17,86,1,0,0,0,0,0,0,0,0,0,0,0,0,0),(17,87,1,0,0,0,0,0,0,0,0,0,0,0,0,0),(17,94,1,0,0,0,0,0,0,0,0,0,0,0,0,1),(17,95,1,0,0,0,0,0,0,0,0,0,0,0,0,0),(17,97,1,0,0,0,0,0,0,0,0,0,0,0,0,1),(17,98,1,0,0,0,0,0,0,2,3,1,3,0,5,1),(17,99,1,0,0,0,0,0,0,0,0,0,8,0,1,0),(17,118,1,0,0,0,0,0,0,0,0,0,0,0,0,1),(17,119,1,0,0,0,0,0,0,0,0,0,0,0,0,1),(18,50,1,0,0,0,0,0,0,0,0,0,0,0,0,0),(18,56,1,0,0,0,0,0,0,0,0,0,0,0,0,1),(18,57,1,0,0,0,0,0,0,0,0,0,0,0,0,1),(18,58,1,0,0,0,0,0,0,0,0,0,0,0,0,1),(18,59,1,0,0,0,0,0,0,0,0,0,0,0,0,1),(18,60,1,0,0,0,0,0,0,0,0,0,0,0,0,1),(18,61,1,0,0,0,0,0,0,0,0,0,0,0,0,1),(18,62,1,0,0,0,0,0,0,0,0,0,0,0,0,1),(18,63,1,0,0,0,0,0,0,0,0,0,0,0,0,1),(18,64,1,0,0,0,0,0,0,0,0,0,0,0,0,1),(18,65,1,0,0,0,0,0,0,0,0,0,0,0,0,0),(18,66,1,0,0,0,0,0,0,0,0,0,0,0,0,0),(18,67,1,0,0,0,0,0,0,0,0,0,0,0,0,0),(18,69,1,0,0,0,0,0,0,0,0,0,0,0,0,0),(18,70,1,0,0,0,0,0,0,0,0,0,0,0,0,0),(18,71,1,0,0,0,0,0,0,0,0,0,0,0,0,0),(18,72,1,0,0,0,0,0,0,0,0,0,0,0,0,0),(18,74,1,0,0,0,0,0,0,0,0,0,0,0,0,0),(18,75,1,0,0,0,0,0,0,0,0,0,0,0,0,0),(18,76,1,0,0,0,0,0,0,0,0,0,0,0,0,0),(18,78,1,0,0,0,0,0,0,0,0,0,0,0,0,0),(18,79,1,0,0,0,0,0,0,0,0,0,0,0,0,0),(18,86,1,0,0,0,0,0,0,0,0,0,0,0,0,0),(18,87,1,0,0,0,0,0,0,0,0,0,0,0,0,0),(18,94,1,0,0,0,0,0,0,0,0,0,0,0,0,1),(18,95,1,0,0,0,0,0,0,0,0,0,0,0,0,0),(18,97,1,0,0,0,0,0,0,0,3,0,0,0,0,1),(18,98,1,0,0,0,0,0,0,0,0,0,2,0,2,0),(18,99,1,0,0,0,0,0,0,0,8,0,0,0,0,1),(18,118,1,0,0,0,0,0,0,0,0,0,0,0,0,1),(18,119,1,0,0,0,0,0,0,0,0,0,0,0,0,1),(19,50,1,0,0,0,0,0,0,0,0,0,0,0,0,0),(19,56,1,0,0,0,0,0,0,0,0,0,0,0,0,1),(19,57,1,0,0,0,0,0,0,0,0,0,0,0,0,1),(19,58,1,0,0,0,0,0,0,0,0,0,0,0,0,1),(19,59,1,0,0,0,0,0,0,0,0,0,0,0,0,1),(19,60,1,0,0,0,0,0,0,0,0,0,0,0,0,1),(19,61,1,0,0,0,0,0,0,0,0,0,0,0,0,1),(19,62,1,0,0,0,0,0,0,0,0,0,0,0,0,1),(19,63,1,0,0,0,0,0,0,0,0,0,0,0,0,1),(19,64,1,0,0,0,0,0,0,0,0,0,0,0,0,1),(19,65,1,0,0,0,0,0,0,0,0,0,0,0,0,0),(19,66,1,0,0,0,0,0,0,0,0,0,0,0,0,0),(19,67,1,0,0,0,0,0,0,0,0,0,0,0,0,0),(19,69,1,0,0,0,0,0,0,0,0,0,0,0,0,0),(19,70,1,0,0,0,0,0,0,0,0,0,0,0,0,0),(19,71,1,0,0,0,0,0,0,0,0,0,0,0,0,0),(19,72,1,0,0,0,0,0,0,0,0,0,0,0,0,0),(19,74,1,0,0,0,0,0,0,0,0,0,0,0,0,0),(19,75,1,0,0,0,0,0,0,0,0,0,0,0,0,0),(19,76,1,0,0,0,0,0,0,0,0,0,0,0,0,0),(19,78,1,0,0,0,0,0,0,0,0,0,0,0,0,0),(19,79,1,0,0,0,0,0,0,0,0,0,0,0,0,0),(19,86,1,0,0,0,0,0,0,0,0,0,0,0,0,0),(19,87,1,0,0,0,0,0,0,0,0,0,0,0,0,0),(19,94,1,0,0,0,0,0,0,0,0,0,0,0,0,1),(19,95,1,0,0,0,0,0,0,0,0,0,0,0,0,0),(19,97,1,0,0,0,0,0,0,0,0,0,0,0,0,1),(19,98,1,0,0,0,0,0,0,1,3,0,2,0,2,1),(19,99,1,0,0,0,0,0,0,0,9,0,5,0,8,0),(19,118,1,0,0,0,0,0,0,0,0,0,0,0,0,1),(19,119,1,0,0,0,0,0,0,0,0,0,0,0,0,1),(20,50,1,0,0,0,0,0,0,0,0,0,0,0,0,0),(20,56,1,0,0,0,0,0,0,0,0,0,0,0,0,1),(20,57,1,0,0,0,0,0,0,0,0,0,0,0,0,1),(20,58,1,0,0,0,0,0,0,0,0,0,0,0,0,1),(20,59,1,0,0,0,0,0,0,0,0,0,0,0,0,1),(20,60,1,0,0,0,0,0,0,0,0,0,0,0,0,1),(20,61,1,0,0,0,0,0,0,0,0,0,0,0,0,1),(20,62,1,0,0,0,0,0,0,0,0,0,0,0,0,1),(20,63,1,0,0,0,0,0,0,0,0,0,0,0,0,1),(20,64,1,0,0,0,0,0,0,0,0,0,0,0,0,1),(20,65,1,0,0,0,0,0,0,0,0,0,0,0,0,0),(20,66,1,0,0,0,0,0,0,0,0,0,0,0,0,0),(20,67,1,0,0,0,0,0,0,0,0,0,0,0,0,0),(20,69,1,0,0,0,0,0,0,0,0,0,0,0,0,0),(20,70,1,0,0,0,0,0,0,0,0,0,0,0,0,0),(20,71,1,0,0,0,0,0,0,0,0,0,0,0,0,0),(20,72,1,0,0,0,0,0,0,0,0,0,0,0,0,0),(20,74,1,0,0,0,0,0,0,0,0,0,0,0,0,0),(20,75,1,0,0,0,0,0,0,0,0,0,0,0,0,0),(20,76,1,0,0,0,0,0,0,0,0,0,0,0,0,0),(20,78,1,0,0,0,0,0,0,0,0,0,0,0,0,0),(20,79,1,0,0,0,0,0,0,0,0,0,0,0,0,0),(20,86,1,0,0,0,0,0,0,0,0,0,0,0,0,0),(20,87,1,0,0,0,0,0,0,0,0,0,0,0,0,0),(20,94,1,0,0,0,0,0,0,0,0,0,0,0,0,1),(20,95,1,0,0,0,0,0,0,0,0,0,0,0,0,0),(20,97,1,0,0,0,0,0,0,0,0,0,0,0,0,1),(20,98,1,0,0,0,0,0,0,1,1,0,0,0,0,1),(20,99,1,0,0,0,0,0,0,0,6,0,0,0,0,1),(20,118,1,0,0,0,0,0,0,0,0,0,0,0,0,1),(20,119,1,0,0,0,0,0,0,0,0,0,0,0,0,1),(21,50,1,0,0,0,0,0,0,0,0,0,0,0,0,0),(21,56,1,0,0,0,0,0,0,0,0,0,0,0,0,0),(21,57,1,0,0,0,0,0,0,0,0,0,0,0,0,0),(21,58,1,0,0,0,0,0,0,0,0,0,0,0,0,0),(21,59,1,0,0,0,0,0,0,0,0,0,0,0,0,0),(21,60,1,0,0,0,0,0,0,0,0,0,0,0,0,0),(21,61,1,0,0,0,0,0,0,0,0,0,0,0,0,0),(21,62,1,0,0,0,0,0,0,0,0,0,0,0,0,0),(21,63,1,0,0,0,0,0,0,0,0,0,0,0,0,0),(21,64,1,0,0,0,0,0,0,0,0,0,0,0,0,0),(21,65,1,0,0,0,0,0,0,0,0,0,0,0,0,0),(21,66,1,0,0,0,0,0,0,0,0,0,0,0,0,0),(21,67,1,0,0,0,0,0,0,0,0,0,0,0,0,0),(21,69,1,0,0,0,0,0,0,0,0,0,0,0,0,0),(21,70,1,0,0,0,0,0,0,0,0,0,0,0,0,0),(21,71,1,0,0,0,0,0,0,0,0,0,0,0,0,0),(21,72,1,0,0,0,0,0,0,0,0,0,0,0,0,0),(21,74,1,0,0,0,0,0,0,0,0,0,0,0,0,0),(21,75,1,0,0,0,0,0,0,0,0,0,0,0,0,0),(21,76,1,0,0,0,0,0,0,0,0,0,0,0,0,0),(21,78,1,0,0,0,0,0,0,0,0,0,0,0,0,0),(21,79,1,0,0,0,0,0,0,0,0,0,0,0,0,0),(21,86,1,0,0,0,0,0,0,0,0,0,0,0,0,0),(21,87,1,0,0,0,0,0,0,0,0,0,0,0,0,0),(21,94,1,0,0,0,0,0,0,0,0,0,0,0,0,0),(21,95,1,0,0,0,0,0,0,0,0,0,0,0,0,0),(21,97,1,0,0,0,0,0,0,0,0,0,0,0,0,1),(21,98,1,0,0,0,0,0,0,0,0,0,0,0,0,0),(21,99,1,0,0,0,0,0,0,0,0,0,0,0,0,1),(21,118,1,0,0,0,0,0,0,0,0,0,0,0,0,0),(21,119,1,0,0,0,0,0,0,0,0,0,0,0,0,0),(22,50,1,0,0,0,0,0,0,0,0,0,0,0,0,0),(22,56,1,0,0,0,0,0,0,0,0,0,0,0,0,0),(22,57,1,0,0,0,0,0,0,0,0,0,0,0,0,0),(22,58,1,0,0,0,0,0,0,0,0,0,0,0,0,0),(22,59,1,0,0,0,0,0,0,0,0,0,0,0,0,0),(22,60,1,0,0,0,0,0,0,0,0,0,0,0,0,0),(22,61,1,0,0,0,0,0,0,0,0,0,0,0,0,0),(22,62,1,0,0,0,0,0,0,0,0,0,0,0,0,0),(22,63,1,0,0,0,0,0,0,0,0,0,0,0,0,0),(22,64,1,0,0,0,0,0,0,0,0,0,0,0,0,0),(22,65,1,0,0,0,0,0,0,0,0,0,0,0,0,0),(22,66,1,0,0,0,0,0,0,0,0,0,0,0,0,0),(22,67,1,0,0,0,0,0,0,0,0,0,0,0,0,0),(22,69,1,0,0,0,0,0,0,0,0,0,0,0,0,0),(22,70,1,0,0,0,0,0,0,0,0,0,0,0,0,0),(22,71,1,0,0,0,0,0,0,0,0,0,0,0,0,0),(22,72,1,0,0,0,0,0,0,0,0,0,0,0,0,0),(22,74,1,0,0,0,0,0,0,0,0,0,0,0,0,0),(22,75,1,0,0,0,0,0,0,0,0,0,0,0,0,0),(22,76,1,0,0,0,0,0,0,0,0,0,0,0,0,0),(22,78,1,0,0,0,0,0,0,0,0,0,0,0,0,0),(22,79,1,0,0,0,0,0,0,0,0,0,0,0,0,0),(22,86,1,0,0,0,0,0,0,0,0,0,0,0,0,0),(22,87,1,0,0,0,0,0,0,0,0,0,0,0,0,0),(22,94,1,0,0,0,0,0,0,0,0,0,0,0,0,0),(22,95,1,0,0,0,0,0,0,0,0,0,0,0,0,0),(22,97,1,0,0,0,0,0,0,0,0,0,0,0,0,0),(22,98,1,0,0,0,0,0,0,0,0,0,0,0,0,0),(22,99,1,0,0,0,0,0,0,0,0,0,0,0,0,0),(22,118,1,0,0,0,0,0,0,0,0,0,0,0,0,0),(22,119,1,0,0,0,0,0,0,0,0,0,0,0,0,0),(23,50,1,0,0,0,0,0,0,0,0,0,0,0,0,0),(23,56,1,0,0,0,0,0,0,0,0,0,0,0,0,0),(23,57,1,0,0,0,0,0,0,0,0,0,0,0,0,0),(23,58,1,0,0,0,0,0,0,0,0,0,0,0,0,0),(23,59,1,0,0,0,0,0,0,0,0,0,0,0,0,0),(23,60,1,0,0,0,0,0,0,0,0,0,0,0,0,0),(23,61,1,0,0,0,0,0,0,0,0,0,0,0,0,0),(23,62,1,0,0,0,0,0,0,0,0,0,0,0,0,0),(23,63,1,0,0,0,0,0,0,0,0,0,0,0,0,0),(23,64,1,0,0,0,0,0,0,0,0,0,0,0,0,0),(23,65,1,0,0,0,0,0,0,0,0,0,0,0,0,0),(23,66,1,0,0,0,0,0,0,0,0,0,0,0,0,0),(23,67,1,0,0,0,0,0,0,0,0,0,0,0,0,0),(23,69,1,0,0,0,0,0,0,0,0,0,0,0,0,0),(23,70,1,0,0,0,0,0,0,0,0,0,0,0,0,0),(23,71,1,0,0,0,0,0,0,0,0,0,0,0,0,0),(23,72,1,0,0,0,0,0,0,0,0,0,0,0,0,0),(23,74,1,0,0,0,0,0,0,0,0,0,0,0,0,0),(23,75,1,0,0,0,0,0,0,0,0,0,0,0,0,0),(23,76,1,0,0,0,0,0,0,0,0,0,0,0,0,0),(23,78,1,0,0,0,0,0,0,0,0,0,0,0,0,0),(23,79,1,0,0,0,0,0,0,0,0,0,0,0,0,0),(23,86,1,0,0,0,0,0,0,0,0,0,0,0,0,0),(23,87,1,0,0,0,0,0,0,0,0,0,0,0,0,0),(23,94,1,0,0,0,0,0,0,0,0,0,0,0,0,0),(23,95,1,0,0,0,0,0,0,0,0,0,0,0,0,0),(23,97,1,0,0,0,0,0,0,0,0,0,0,0,0,0),(23,98,1,0,0,0,0,0,0,0,0,0,0,0,0,0),(23,99,1,0,0,0,0,0,0,0,0,0,0,0,0,0),(23,118,1,0,0,0,0,0,0,0,0,0,0,0,0,0),(23,119,1,0,0,0,0,0,0,0,0,0,0,0,0,0),(24,50,1,0,0,0,0,0,0,0,0,0,0,0,0,0),(24,56,1,0,0,0,0,0,0,0,0,0,0,0,0,0),(24,57,1,0,0,0,0,0,0,0,0,0,0,0,0,0),(24,58,1,0,0,0,0,0,0,0,0,0,0,0,0,0),(24,59,1,0,0,0,0,0,0,0,0,0,0,0,0,0),(24,60,1,0,0,0,0,0,0,0,0,0,0,0,0,0),(24,61,1,0,0,0,0,0,0,0,0,0,0,0,0,0),(24,62,1,0,0,0,0,0,0,0,0,0,0,0,0,0),(24,63,1,0,0,0,0,0,0,0,0,0,0,0,0,0),(24,64,1,0,0,0,0,0,0,0,0,0,0,0,0,0),(24,65,1,0,0,0,0,0,0,0,0,0,0,0,0,0),(24,66,1,0,0,0,0,0,0,0,0,0,0,0,0,0),(24,67,1,0,0,0,0,0,0,0,0,0,0,0,0,0),(24,69,1,0,0,0,0,0,0,0,0,0,0,0,0,0),(24,70,1,0,0,0,0,0,0,0,0,0,0,0,0,0),(24,71,1,0,0,0,0,0,0,0,0,0,0,0,0,0),(24,72,1,0,0,0,0,0,0,0,0,0,0,0,0,0),(24,74,1,0,0,0,0,0,0,0,0,0,0,0,0,0),(24,75,1,0,0,0,0,0,0,0,0,0,0,0,0,0),(24,76,1,0,0,0,0,0,0,0,0,0,0,0,0,0),(24,78,1,0,0,0,0,0,0,0,0,0,0,0,0,0),(24,79,1,0,0,0,0,0,0,0,0,0,0,0,0,0),(24,86,1,0,0,0,0,0,0,0,0,0,0,0,0,0),(24,87,1,0,0,0,0,0,0,0,0,0,0,0,0,0),(24,94,1,0,0,0,0,0,0,0,0,0,0,0,0,0),(24,95,1,0,0,0,0,0,0,0,0,0,0,0,0,0),(24,97,1,0,0,0,0,0,0,0,0,0,0,0,0,0),(24,98,1,0,0,0,0,0,0,0,0,0,0,0,0,0),(24,99,1,0,0,0,0,0,0,0,0,0,0,0,0,1),(24,118,1,0,0,0,0,0,0,0,0,0,0,0,0,0),(24,119,1,0,0,0,0,0,0,0,0,0,0,0,0,0),(25,50,1,0,0,0,0,0,0,0,0,0,0,0,0,0),(25,56,1,0,0,0,0,0,0,0,0,0,0,0,0,0),(25,57,1,0,0,0,0,0,0,0,0,0,0,0,0,0),(25,58,1,0,0,0,0,0,0,0,0,0,0,0,0,0),(25,59,1,0,0,0,0,0,0,0,0,0,0,0,0,0),(25,60,1,0,0,0,0,0,0,0,0,0,0,0,0,0),(25,61,1,0,0,0,0,0,0,0,0,0,0,0,0,0),(25,62,1,0,0,0,0,0,0,0,0,0,0,0,0,0),(25,63,1,0,0,0,0,0,0,0,0,0,0,0,0,0),(25,64,1,0,0,0,0,0,0,0,0,0,0,0,0,0),(25,65,1,0,0,0,0,0,0,0,0,0,0,0,0,0),(25,66,1,0,0,0,0,0,0,0,0,0,0,0,0,0),(25,67,1,0,0,0,0,0,0,0,0,0,0,0,0,0),(25,69,1,0,0,0,0,0,0,0,0,0,0,0,0,0),(25,70,1,0,0,0,0,0,0,0,0,0,0,0,0,0),(25,71,1,0,0,0,0,0,0,0,0,0,0,0,0,0),(25,72,1,0,0,0,0,0,0,0,0,0,0,0,0,0),(25,74,1,0,0,0,0,0,0,0,0,0,0,0,0,0),(25,75,1,0,0,0,0,0,0,0,0,0,0,0,0,0),(25,76,1,0,0,0,0,0,0,0,0,0,0,0,0,0),(25,78,1,0,0,0,0,0,0,0,0,0,0,0,0,0),(25,79,1,0,0,0,0,0,0,0,0,0,0,0,0,0),(25,86,1,0,0,0,0,0,0,0,0,0,0,0,0,0),(25,87,1,0,0,0,0,0,0,0,0,0,0,0,0,0),(25,94,1,0,0,0,0,0,0,0,0,0,0,0,0,0),(25,95,1,0,0,0,0,0,0,0,0,0,0,0,0,0),(25,97,1,0,0,0,0,0,0,0,0,0,0,0,0,0),(25,98,1,0,0,0,0,0,0,0,0,0,0,0,0,0),(25,99,1,0,0,0,0,0,0,0,0,0,0,0,0,0),(25,118,1,0,0,0,0,0,0,0,0,0,0,0,0,0),(25,119,1,0,0,0,0,0,0,0,0,0,0,0,0,0),(26,50,1,0,0,0,0,0,0,0,0,0,0,0,0,0),(26,56,1,0,0,0,0,0,0,0,0,0,0,0,0,0),(26,57,1,0,0,0,0,0,0,0,0,0,0,0,0,0),(26,58,1,0,0,0,0,0,0,0,0,0,0,0,0,0),(26,59,1,0,0,0,0,0,0,0,0,0,0,0,0,0),(26,60,1,0,0,0,0,0,0,0,0,0,0,0,0,0),(26,61,1,0,0,0,0,0,0,0,0,0,0,0,0,0),(26,62,1,0,0,0,0,0,0,0,0,0,0,0,0,0),(26,63,1,0,0,0,0,0,0,0,0,0,0,0,0,0),(26,64,1,0,0,0,0,0,0,0,0,0,0,0,0,0),(26,65,1,0,0,0,0,0,0,0,0,0,0,0,0,0),(26,66,1,0,0,0,0,0,0,0,0,0,0,0,0,0),(26,67,1,0,0,0,0,0,0,0,0,0,0,0,0,0),(26,69,1,0,0,0,0,0,0,0,0,0,0,0,0,0),(26,70,1,0,0,0,0,0,0,0,0,0,0,0,0,0),(26,71,1,0,0,0,0,0,0,0,0,0,0,0,0,0),(26,72,1,0,0,0,0,0,0,0,0,0,0,0,0,0),(26,74,1,0,0,0,0,0,0,0,0,0,0,0,0,0),(26,75,1,0,0,0,0,0,0,0,0,0,0,0,0,0),(26,76,1,0,0,0,0,0,0,0,0,0,0,0,0,0),(26,78,1,0,0,0,0,0,0,0,0,0,0,0,0,0),(26,79,1,0,0,0,0,0,0,0,0,0,0,0,0,0),(26,86,1,0,0,0,0,0,0,0,0,0,0,0,0,0),(26,87,1,0,0,0,0,0,0,0,0,0,0,0,0,0),(26,94,1,0,0,0,0,0,0,0,0,0,0,0,0,0),(26,95,1,0,0,0,0,0,0,0,0,0,0,0,0,0),(26,97,1,0,0,0,0,0,0,0,0,0,0,0,0,0),(26,98,1,0,0,0,0,0,0,0,0,0,0,0,0,0),(26,99,1,0,0,0,0,0,0,0,0,0,0,0,0,0),(26,118,1,0,0,0,0,0,0,0,0,0,0,0,0,0),(26,119,1,0,0,0,0,0,0,0,0,0,0,0,0,0),(27,50,1,0,0,0,0,0,0,0,0,0,0,0,0,0),(27,56,1,0,0,0,0,0,0,0,0,0,0,0,0,0),(27,57,1,0,0,0,0,0,0,0,0,0,0,0,0,0),(27,58,1,0,0,0,0,0,0,0,0,0,0,0,0,0),(27,59,1,0,0,0,0,0,0,0,0,0,0,0,0,0),(27,60,1,0,0,0,0,0,0,0,0,0,0,0,0,0),(27,61,1,0,0,0,0,0,0,0,0,0,0,0,0,0),(27,62,1,0,0,0,0,0,0,0,0,0,0,0,0,0),(27,63,1,0,0,0,0,0,0,0,0,0,0,0,0,0),(27,64,1,0,0,0,0,0,0,0,0,0,0,0,0,0),(27,65,1,0,0,0,0,0,0,0,0,0,0,0,0,0),(27,66,1,0,0,0,0,0,0,0,0,0,0,0,0,0),(27,67,1,0,0,0,0,0,0,0,0,0,0,0,0,0),(27,69,1,0,0,0,0,0,0,0,0,0,0,0,0,0),(27,70,1,0,0,0,0,0,0,0,0,0,0,0,0,0),(27,71,1,0,0,0,0,0,0,0,0,0,0,0,0,0),(27,72,1,0,0,0,0,0,0,0,0,0,0,0,0,0),(27,74,1,0,0,0,0,0,0,0,0,0,0,0,0,0),(27,75,1,0,0,0,0,0,0,0,0,0,0,0,0,0),(27,76,1,0,0,0,0,0,0,0,0,0,0,0,0,0),(27,78,1,0,0,0,0,0,0,0,0,0,0,0,0,0),(27,79,1,0,0,0,0,0,0,0,0,0,0,0,0,0),(27,86,1,0,0,0,0,0,0,0,0,0,0,0,0,0),(27,87,1,0,0,0,0,0,0,0,0,0,0,0,0,0),(27,94,1,0,0,0,0,0,0,0,0,0,0,0,0,0),(27,95,1,0,0,0,0,0,0,0,0,0,0,0,0,0),(27,97,1,0,0,0,0,0,0,0,0,0,0,0,0,0),(27,98,1,0,0,0,0,0,0,1,1,0,0,0,1,0),(27,99,1,0,0,0,0,0,0,0,0,0,0,0,0,0),(27,118,1,0,0,0,0,0,0,0,0,0,0,0,0,0),(27,119,1,0,0,0,0,0,0,0,0,0,0,0,0,0),(28,50,1,0,0,0,0,0,0,0,0,0,0,0,0,0),(28,56,1,0,0,0,0,0,0,0,0,0,0,0,0,0),(28,57,1,0,0,0,0,0,0,0,0,0,0,0,0,0),(28,58,1,0,0,0,0,0,0,0,0,0,0,0,0,0),(28,59,1,0,0,0,0,0,0,0,0,0,0,0,0,0),(28,60,1,0,0,0,0,0,0,0,0,0,0,0,0,0),(28,61,1,0,0,0,0,0,0,0,0,0,0,0,0,0),(28,62,1,0,0,0,0,0,0,0,0,0,0,0,0,0),(28,63,1,0,0,0,0,0,0,0,0,0,0,0,0,0),(28,64,1,0,0,0,0,0,0,0,0,0,0,0,0,0),(28,65,1,0,0,0,0,0,0,0,0,0,0,0,0,0),(28,66,1,0,0,0,0,0,0,0,0,0,0,0,0,0),(28,67,1,0,0,0,0,0,0,0,0,0,0,0,0,0),(28,69,1,0,0,0,0,0,0,0,0,0,0,0,0,0),(28,70,1,0,0,0,0,0,0,0,0,0,0,0,0,0),(28,71,1,0,0,0,0,0,0,0,0,0,0,0,0,0),(28,72,1,0,0,0,0,0,0,0,0,0,0,0,0,0),(28,74,1,0,0,0,0,0,0,0,0,0,0,0,0,0),(28,75,1,0,0,0,0,0,0,0,0,0,0,0,0,0),(28,76,1,0,0,0,0,0,0,0,0,0,0,0,0,0),(28,78,1,0,0,0,0,0,0,0,0,0,0,0,0,0),(28,79,1,0,0,0,0,0,0,0,0,0,0,0,0,0),(28,86,1,0,0,0,0,0,0,0,0,0,0,0,0,0),(28,87,1,0,0,0,0,0,0,0,0,0,0,0,0,0),(28,94,1,0,0,0,0,0,0,0,0,0,0,0,0,0),(28,95,1,0,0,0,0,0,0,0,0,0,0,0,0,0),(28,97,1,0,0,0,0,0,0,0,0,0,0,0,0,0),(28,98,1,0,0,0,0,0,0,0,0,0,0,0,0,0),(28,99,1,0,0,0,0,0,0,0,0,0,0,0,0,0),(28,118,1,0,0,0,0,0,0,0,0,0,0,0,0,0),(28,119,1,0,0,0,0,0,0,0,0,0,0,0,0,0),(29,50,1,0,0,0,0,0,0,0,0,0,0,0,0,0),(29,56,1,0,0,0,0,0,0,0,0,0,0,0,0,0),(29,57,1,0,0,0,0,0,0,0,0,0,0,0,0,0),(29,58,1,0,0,0,0,0,0,0,0,0,0,0,0,0),(29,59,1,0,0,0,0,0,0,0,0,0,0,0,0,0),(29,60,1,0,0,0,0,0,0,0,0,0,0,0,0,0),(29,61,1,0,0,0,0,0,0,0,0,0,0,0,0,0),(29,62,1,0,0,0,0,0,0,0,0,0,0,0,0,0),(29,63,1,0,0,0,0,0,0,0,0,0,0,0,0,0),(29,64,1,0,0,0,0,0,0,0,0,0,0,0,0,0),(29,65,1,0,0,0,0,0,0,0,0,0,0,0,0,0),(29,66,1,0,0,0,0,0,0,0,0,0,0,0,0,0),(29,67,1,0,0,0,0,0,0,0,0,0,0,0,0,0),(29,69,1,0,0,0,0,0,0,0,0,0,0,0,0,0),(29,70,1,0,0,0,0,0,0,0,0,0,0,0,0,0),(29,71,1,0,0,0,0,0,0,0,0,0,0,0,0,0),(29,72,1,0,0,0,0,0,0,0,0,0,0,0,0,0),(29,74,1,0,0,0,0,0,0,0,0,0,0,0,0,0),(29,75,1,0,0,0,0,0,0,0,0,0,0,0,0,0),(29,76,1,0,0,0,0,0,0,0,0,0,0,0,0,0),(29,78,1,0,0,0,0,0,0,0,0,0,0,0,0,0),(29,79,1,0,0,0,0,0,0,0,0,0,0,0,0,0),(29,86,1,0,0,0,0,0,0,0,0,0,0,0,0,0),(29,87,1,0,0,0,0,0,0,0,0,0,0,0,0,0),(29,94,1,0,0,0,0,0,0,0,0,0,0,0,0,0),(29,95,1,0,0,0,0,0,0,0,0,0,0,0,0,0),(29,97,1,0,0,0,0,0,0,0,0,0,0,0,0,0),(29,98,1,0,0,0,0,0,0,0,0,0,0,0,0,1),(29,99,1,0,0,0,0,0,0,0,0,0,0,0,0,0),(29,118,1,0,0,0,0,0,0,0,0,0,0,0,0,0),(29,119,1,0,0,0,0,0,0,0,0,0,0,0,0,0),(30,60,2,0,0,0,0,0,0,0,0,0,0,0,0,1),(30,61,2,0,0,0,0,0,0,0,0,0,0,0,0,1),(30,62,2,0,0,0,0,0,0,0,0,0,0,0,0,1),(30,80,2,0,0,0,0,0,0,0,0,0,0,0,0,0),(30,81,2,0,0,0,0,0,0,0,0,0,0,0,0,0),(30,85,2,0,0,0,0,0,0,0,0,0,0,0,0,0),(30,88,2,0,0,0,0,0,0,0,0,0,0,0,0,0),(30,92,2,0,0,0,0,0,0,0,0,0,0,0,0,1),(30,93,2,0,0,0,0,0,0,0,0,0,0,0,0,0),(30,95,2,0,0,0,0,0,0,0,0,0,0,0,0,0),(30,97,2,0,0,0,0,0,0,0,0,0,0,0,0,0),(30,105,2,0,0,0,0,0,0,0,0,0,0,0,0,1),(30,106,2,0,0,0,0,0,0,0,0,0,0,0,0,1),(30,108,2,0,0,0,0,0,0,0,0,0,0,0,0,1),(30,110,2,0,0,0,0,0,0,0,0,0,0,0,0,1),(31,60,2,0,0,0,0,0,0,0,0,0,0,0,0,1),(31,61,2,0,0,0,0,0,0,0,0,0,0,0,0,1),(31,62,2,0,0,0,0,0,0,0,0,0,0,0,0,1),(31,80,2,0,0,0,0,0,0,0,0,0,0,0,0,0),(31,81,2,0,0,0,0,0,0,0,0,0,0,0,0,0),(31,85,2,0,0,0,0,0,0,0,0,0,0,0,0,0),(31,88,2,0,0,0,0,0,0,0,0,0,0,0,0,0),(31,92,2,0,0,0,0,0,0,0,0,0,0,0,0,1),(31,93,2,0,0,0,0,0,0,0,0,0,0,0,0,1),(31,95,2,0,0,0,0,0,0,0,0,0,0,0,0,0),(31,97,2,0,0,0,0,0,0,0,0,0,0,0,0,1),(31,105,2,0,0,0,0,0,0,0,0,0,0,0,0,1),(31,106,2,0,0,0,0,0,0,0,0,0,0,0,0,1),(31,108,2,0,0,0,0,0,0,0,0,0,0,0,0,1),(31,110,2,0,0,0,0,0,0,0,0,0,0,0,0,1),(32,60,2,0,0,0,0,0,0,0,0,0,0,0,0,1),(32,61,2,0,0,0,0,0,0,0,0,0,0,0,0,1),(32,62,2,0,0,0,0,0,0,0,0,0,0,0,0,1),(32,80,2,0,0,0,0,0,0,0,0,0,0,0,0,0),(32,81,2,0,0,0,0,0,0,0,0,0,0,0,0,0),(32,85,2,0,0,0,0,0,0,0,0,0,0,0,0,0),(32,88,2,0,0,0,0,0,0,0,0,0,0,0,0,0),(32,92,2,0,0,0,0,0,0,0,0,0,0,0,0,1),(32,93,2,0,0,0,0,0,0,0,0,0,0,0,0,1),(32,95,2,0,0,0,0,0,0,0,0,0,0,0,0,0),(32,97,2,0,0,0,0,0,0,0,0,0,0,0,0,1),(32,105,2,0,0,0,0,0,0,0,0,0,0,0,0,1),(32,106,2,0,0,0,0,0,0,0,0,0,0,0,0,1),(32,108,2,0,0,0,0,0,0,0,0,0,0,0,0,1),(32,110,2,0,0,0,0,0,0,0,0,0,0,0,0,1),(33,60,2,0,0,0,0,0,0,0,0,0,0,0,0,1),(33,61,2,0,0,0,0,0,0,0,0,0,0,0,0,1),(33,62,2,0,0,0,0,0,0,0,0,0,0,0,0,1),(33,80,2,0,0,0,0,0,0,0,0,0,0,0,0,0),(33,81,2,0,0,0,0,0,0,0,0,0,0,0,0,0),(33,85,2,0,0,0,0,0,0,0,0,0,0,0,0,0),(33,88,2,0,0,0,0,0,0,0,0,0,0,0,0,0),(33,92,2,0,0,0,0,0,0,0,0,0,0,0,0,1),(33,93,2,0,0,0,0,0,0,0,0,0,0,0,0,1),(33,95,2,0,0,0,0,0,0,0,0,0,0,0,0,0),(33,97,2,0,0,0,0,0,0,0,0,0,0,0,0,0),(33,105,2,0,0,0,0,0,0,0,0,0,0,0,0,1),(33,106,2,0,0,0,0,0,0,0,0,0,0,0,0,1),(33,108,2,0,0,0,0,0,0,0,0,0,0,0,0,1),(33,110,2,0,0,0,0,0,0,0,0,0,0,0,0,1),(34,60,2,0,0,0,0,0,0,0,0,0,0,0,0,1),(34,61,2,0,0,0,0,0,0,0,0,0,0,0,0,1),(34,62,2,0,0,0,0,0,0,0,0,0,0,0,0,1),(34,80,2,0,0,0,0,0,0,0,0,0,0,0,0,0),(34,81,2,0,0,0,0,0,0,0,0,0,0,0,0,0),(34,85,2,0,0,0,0,0,0,0,0,0,0,0,0,0),(34,88,2,0,0,0,0,0,0,0,0,0,0,0,0,0),(34,92,2,0,0,0,0,0,0,0,0,0,0,0,0,1),(34,93,2,0,0,0,0,0,0,0,0,0,0,0,0,1),(34,95,2,0,0,0,0,0,0,0,0,0,0,0,0,0),(34,97,2,0,0,0,0,0,0,0,0,0,0,0,0,0),(34,105,2,0,0,0,0,0,0,0,0,0,0,0,0,1),(34,106,2,0,0,0,0,0,0,0,0,0,0,0,0,1),(34,108,2,0,0,0,0,0,0,0,0,0,0,0,0,1),(34,110,2,0,0,0,0,0,0,0,0,0,0,0,0,1),(35,60,2,0,0,0,0,0,0,0,0,0,0,0,0,0),(35,61,2,0,0,0,0,0,0,0,0,0,0,0,0,0),(35,62,2,0,0,0,0,0,0,0,0,0,0,0,0,0),(35,80,2,0,0,0,0,0,0,0,0,0,0,0,0,0),(35,81,2,0,0,0,0,0,0,0,0,0,0,0,0,0),(35,85,2,0,0,0,0,0,0,0,0,0,0,0,0,0),(35,88,2,0,0,0,0,0,0,0,0,0,0,0,0,0),(35,92,2,0,0,0,0,0,0,0,0,0,0,0,0,0),(35,93,2,0,0,0,0,0,0,0,0,0,0,0,0,1),(35,95,2,0,0,0,0,0,0,0,0,0,0,0,0,0),(35,97,2,0,0,0,0,0,0,0,0,0,0,0,0,1),(35,105,2,0,0,0,0,0,0,0,0,0,0,0,0,0),(35,106,2,0,0,0,0,0,0,0,0,0,0,0,0,0),(35,108,2,0,0,0,0,0,0,0,0,0,0,0,0,0),(35,110,2,0,0,0,0,0,0,0,0,0,0,0,0,0),(36,60,2,0,0,0,0,0,0,0,0,0,0,0,0,0),(36,61,2,0,0,0,0,0,0,0,0,0,0,0,0,0),(36,62,2,0,0,0,0,0,0,0,0,0,0,0,0,0),(36,80,2,0,0,0,0,0,0,0,0,0,0,0,0,0),(36,81,2,0,0,0,0,0,0,0,0,0,0,0,0,0),(36,85,2,0,0,0,0,0,0,0,0,0,0,0,0,0),(36,88,2,0,0,0,0,0,0,0,0,0,0,0,0,0),(36,92,2,0,0,0,0,0,0,0,0,0,0,0,0,0),(36,93,2,0,0,0,0,0,0,0,0,0,0,0,0,0),(36,95,2,0,0,0,0,0,0,0,0,0,0,0,0,0),(36,97,2,0,0,0,0,0,0,0,0,0,0,0,0,1),(36,105,2,0,0,0,0,0,0,0,0,0,0,0,0,0),(36,106,2,0,0,0,0,0,0,0,0,0,0,0,0,0),(36,108,2,0,0,0,0,0,0,0,0,0,0,0,0,0),(36,110,2,0,0,0,0,0,0,0,0,0,0,0,0,0),(37,60,2,0,0,0,0,0,0,0,0,0,0,0,0,0),(37,61,2,0,0,0,0,0,0,0,0,0,0,0,0,0),(37,62,2,0,0,0,0,0,0,0,0,0,0,0,0,0),(37,80,2,0,0,0,0,0,0,0,0,0,0,0,0,0),(37,81,2,0,0,0,0,0,0,0,0,0,0,0,0,0),(37,85,2,0,0,0,0,0,0,0,0,0,0,0,0,0),(37,88,2,0,0,0,0,0,0,0,0,0,0,0,0,0),(37,92,2,0,0,0,0,0,0,0,0,0,0,0,0,0),(37,93,2,0,0,0,0,0,0,0,0,0,0,0,0,0),(37,95,2,0,0,0,0,0,0,0,0,0,0,0,0,0),(37,97,2,0,0,0,0,0,0,0,0,0,0,0,0,1),(37,105,2,0,0,0,0,0,0,0,0,0,0,0,0,0),(37,106,2,0,0,0,0,0,0,0,0,0,0,0,0,0),(37,108,2,0,0,0,0,0,0,0,0,0,0,0,0,0),(37,110,2,0,0,0,0,0,0,0,0,0,0,0,0,0),(38,60,2,0,0,0,0,0,0,0,0,0,0,0,0,0),(38,61,2,0,0,0,0,0,0,0,0,0,0,0,0,0),(38,62,2,0,0,0,0,0,0,0,0,0,0,0,0,0),(38,80,2,0,0,0,0,0,0,0,0,0,0,0,0,0),(38,81,2,0,0,0,0,0,0,0,0,0,0,0,0,0),(38,85,2,0,0,0,0,0,0,0,0,0,0,0,0,0),(38,88,2,0,0,0,0,0,0,0,0,0,0,0,0,0),(38,92,2,0,0,0,0,0,0,0,0,0,0,0,0,0),(38,93,2,0,0,0,0,0,0,0,0,0,0,0,0,0),(38,95,2,0,0,0,0,0,0,0,0,0,0,0,0,0),(38,97,2,0,0,0,0,0,0,0,0,0,0,0,0,0),(38,105,2,0,0,0,0,0,0,0,0,0,0,0,0,0),(38,106,2,0,0,0,0,0,0,0,0,0,0,0,0,0),(38,108,2,0,0,0,0,0,0,0,0,0,0,0,0,0),(38,110,2,0,0,0,0,0,0,0,0,0,0,0,0,0),(39,60,2,0,0,0,0,0,0,0,0,0,0,0,0,0),(39,61,2,0,0,0,0,0,0,0,0,0,0,0,0,0),(39,62,2,0,0,0,0,0,0,0,0,0,0,0,0,0),(39,80,2,0,0,0,0,0,0,0,0,0,0,0,0,0),(39,81,2,0,0,0,0,0,0,0,0,0,0,0,0,0),(39,85,2,0,0,0,0,0,0,0,0,0,0,0,0,0),(39,88,2,0,0,0,0,0,0,0,0,0,0,0,0,0),(39,92,2,0,0,0,0,0,0,0,0,0,0,0,0,0),(39,93,2,0,0,0,0,0,0,0,0,0,0,0,0,0),(39,95,2,0,0,0,0,0,0,0,0,0,0,0,0,0),(39,97,2,0,0,0,0,0,0,0,0,0,0,0,0,0),(39,105,2,0,0,0,0,0,0,0,0,0,0,0,0,0),(39,106,2,0,0,0,0,0,0,0,0,0,0,0,0,0),(39,108,2,0,0,0,0,0,0,0,0,0,0,0,0,0),(39,110,2,0,0,0,0,0,0,0,0,0,0,0,0,0),(40,60,2,0,0,0,0,0,0,0,0,0,0,0,0,0),(40,61,2,0,0,0,0,0,0,0,0,0,0,0,0,0),(40,62,2,0,0,0,0,0,0,0,0,0,0,0,0,0),(40,80,2,0,0,0,0,0,0,0,0,0,0,0,0,0),(40,81,2,0,0,0,0,0,0,0,0,0,0,0,0,0),(40,85,2,0,0,0,0,0,0,0,0,0,0,0,0,0),(40,88,2,0,0,0,0,0,0,0,0,0,0,0,0,0),(40,92,2,0,0,0,0,0,0,0,0,0,0,0,0,0),(40,93,2,0,0,0,0,0,0,0,0,0,0,0,0,0),(40,95,2,0,0,0,0,0,0,0,0,0,0,0,0,0),(40,97,2,0,0,0,0,0,0,0,0,0,0,0,0,0),(40,105,2,0,0,0,0,0,0,0,0,0,0,0,0,0),(40,106,2,0,0,0,0,0,0,0,0,0,0,0,0,0),(40,108,2,0,0,0,0,0,0,0,0,0,0,0,0,0),(40,110,2,0,0,0,0,0,0,0,0,0,0,0,0,0),(41,60,2,0,0,0,0,0,0,0,0,0,0,0,0,0),(41,61,2,0,0,0,0,0,0,0,0,0,0,0,0,0),(41,62,2,0,0,0,0,0,0,0,0,0,0,0,0,0),(41,80,2,0,0,0,0,0,0,0,0,0,0,0,0,0),(41,81,2,0,0,0,0,0,0,0,0,0,0,0,0,0),(41,85,2,0,0,0,0,0,0,0,0,0,0,0,0,0),(41,88,2,0,0,0,0,0,0,0,0,0,0,0,0,0),(41,92,2,0,0,0,0,0,0,0,0,0,0,0,0,0),(41,93,2,0,0,0,0,0,0,0,0,0,0,0,0,0),(41,95,2,0,0,0,0,0,0,0,0,0,0,0,0,0),(41,97,2,0,0,0,0,0,0,0,0,0,0,0,0,0),(41,105,2,0,0,0,0,0,0,0,0,0,0,0,0,0),(41,106,2,0,0,0,0,0,0,0,0,0,0,0,0,0),(41,108,2,0,0,0,0,0,0,0,0,0,0,0,0,0),(41,110,2,0,0,0,0,0,0,0,0,0,0,0,0,0),(42,60,2,0,0,0,0,0,0,0,0,0,0,0,0,0),(42,61,2,0,0,0,0,0,0,0,0,0,0,0,0,0),(42,62,2,0,0,0,0,0,0,0,0,0,0,0,0,0),(42,80,2,0,0,0,0,0,0,0,0,0,0,0,0,0),(42,81,2,0,0,0,0,0,0,0,0,0,0,0,0,0),(42,85,2,0,0,0,0,0,0,0,0,0,0,0,0,0),(42,88,2,0,0,0,0,0,0,0,0,0,0,0,0,0),(42,92,2,0,0,0,0,0,0,0,0,0,0,0,0,0),(42,93,2,0,0,0,0,0,0,0,0,0,0,0,0,0),(42,95,2,0,0,0,0,0,0,0,0,0,0,0,0,0),(42,97,2,0,0,0,0,0,0,0,0,0,0,0,0,0),(42,105,2,0,0,0,0,0,0,0,0,0,0,0,0,0),(42,106,2,0,0,0,0,0,0,0,0,0,0,0,0,0),(42,108,2,0,0,0,0,0,0,0,0,0,0,0,0,0),(42,110,2,0,0,0,0,0,0,0,0,0,0,0,0,0),(43,60,2,0,0,0,0,0,0,0,0,0,0,0,0,0),(43,61,2,0,0,0,0,0,0,0,0,0,0,0,0,0),(43,62,2,0,0,0,0,0,0,0,0,0,0,0,0,0),(43,80,2,0,0,0,0,0,0,0,0,0,0,0,0,0),(43,81,2,0,0,0,0,0,0,0,0,0,0,0,0,0),(43,85,2,0,0,0,0,0,0,0,0,0,0,0,0,0),(43,88,2,0,0,0,0,0,0,0,0,0,0,0,0,0),(43,92,2,0,0,0,0,0,0,0,0,0,0,0,0,0),(43,93,2,0,0,0,0,0,0,0,0,0,0,0,0,0),(43,95,2,0,0,0,0,0,0,0,0,0,0,0,0,0),(43,97,2,0,0,0,0,0,0,0,0,0,0,0,0,0),(43,105,2,0,0,0,0,0,0,0,0,0,0,0,0,0),(43,106,2,0,0,0,0,0,0,0,0,0,0,0,0,0),(43,108,2,0,0,0,0,0,0,0,0,0,0,0,0,0),(43,110,2,0,0,0,0,0,0,0,0,0,0,0,0,0),(44,60,2,0,0,0,0,0,0,0,0,0,0,0,0,0),(44,61,2,0,0,0,0,0,0,0,0,0,0,0,0,0),(44,62,2,0,0,0,0,0,0,0,0,0,0,0,0,0),(44,80,2,0,0,0,0,0,0,0,0,0,0,0,0,0),(44,81,2,0,0,0,0,0,0,0,0,0,0,0,0,0),(44,85,2,0,0,0,0,0,0,0,0,0,0,0,0,0),(44,88,2,0,0,0,0,0,0,0,0,0,0,0,0,0),(44,92,2,0,0,0,0,0,0,0,0,0,0,0,0,0),(44,93,2,0,0,0,0,0,0,0,0,0,0,0,0,0),(44,95,2,0,0,0,0,0,0,0,0,0,0,0,0,0),(44,97,2,0,0,0,0,0,0,0,0,0,0,0,0,0),(44,105,2,0,0,0,0,0,0,0,0,0,0,0,0,0),(44,106,2,0,0,0,0,0,0,0,0,0,0,0,0,0),(44,108,2,0,0,0,0,0,0,0,0,0,0,0,0,0),(44,110,2,0,0,0,0,0,0,0,0,0,0,0,0,0),(45,66,6,0,0,0,0,0,0,0,0,0,0,0,0,0),(45,67,6,0,0,0,0,0,0,0,0,0,0,0,0,0),(45,73,6,0,0,0,0,0,0,0,0,0,0,0,0,0),(45,94,6,0,0,0,0,0,0,0,0,0,0,0,0,1),(45,100,6,0,0,0,6,0,0,0,0,0,1,2,2,1),(45,121,6,0,0,0,0,0,0,0,0,0,0,0,0,1),(46,66,6,0,0,0,0,0,0,0,0,0,0,0,0,0),(46,67,6,0,0,0,0,0,0,0,0,0,0,0,0,0),(46,73,6,0,0,0,0,0,0,0,0,0,0,0,0,0),(46,94,6,0,0,0,0,0,0,0,0,0,0,0,0,1),(46,100,6,0,0,0,4,0,0,0,0,0,0,0,0,1),(46,121,6,0,0,0,0,0,0,0,0,0,0,0,0,1),(47,66,6,0,0,0,0,0,0,0,0,0,0,0,0,0),(47,67,6,0,0,0,0,0,0,0,0,0,0,0,0,0),(47,73,6,0,0,0,0,0,0,0,0,0,0,0,0,0),(47,94,6,0,0,0,0,0,0,0,0,0,0,0,0,1),(47,100,6,1,0,1,1,0,0,0,1,0,1,1,0,1),(47,121,6,0,0,0,0,0,0,0,0,0,0,0,0,1),(48,66,6,0,0,0,0,0,0,0,0,0,0,0,0,0),(48,67,6,0,0,0,0,0,0,0,0,0,0,0,0,0),(48,73,6,0,0,0,0,0,0,0,0,0,0,0,0,0),(48,94,6,0,0,0,0,0,0,0,0,0,0,0,0,1),(48,100,6,0,0,0,0,0,0,0,0,0,0,0,0,1),(48,121,6,0,0,0,0,0,0,0,0,0,0,0,0,1),(49,66,6,0,0,0,0,0,0,0,0,0,0,0,0,0),(49,67,6,0,0,0,0,0,0,0,0,0,0,0,0,0),(49,73,6,0,0,0,0,0,0,0,0,0,0,0,0,0),(49,94,6,0,0,0,0,0,0,0,0,0,0,0,0,1),(49,100,6,0,0,0,0,0,0,0,0,0,0,0,0,0),(49,121,6,0,0,0,0,0,0,0,0,0,0,0,0,1),(50,66,6,0,0,0,0,0,0,0,0,0,0,0,0,0),(50,67,6,0,0,0,0,0,0,0,0,0,0,0,0,0),(50,73,6,0,0,0,0,0,0,0,0,0,0,0,0,0),(50,94,6,0,0,0,0,0,0,0,0,0,0,0,0,0),(50,100,6,0,0,0,0,0,0,0,0,0,0,0,0,0),(50,121,6,0,0,0,0,0,0,0,0,0,0,0,0,0),(51,66,6,0,0,0,0,0,0,0,0,0,0,0,0,0),(51,67,6,0,0,0,0,0,0,0,0,0,0,0,0,0),(51,73,6,0,0,0,0,0,0,0,0,0,0,0,0,0),(51,94,6,0,0,0,0,0,0,0,0,0,0,0,0,0),(51,100,6,0,0,0,0,0,0,0,0,0,0,0,0,0),(51,121,6,0,0,0,0,0,0,0,0,0,0,0,0,0),(52,66,6,0,0,0,0,0,0,0,0,0,0,0,0,0),(52,67,6,0,0,0,0,0,0,0,0,0,0,0,0,0),(52,73,6,0,0,0,0,0,0,0,0,0,0,0,0,0),(52,94,6,0,0,0,0,0,0,0,0,0,0,0,0,0),(52,100,6,0,0,0,0,0,0,0,0,0,0,0,0,0),(52,121,6,0,0,0,0,0,0,0,0,0,0,0,0,0),(53,66,6,0,0,0,0,0,0,0,0,0,0,0,0,0),(53,67,6,0,0,0,0,0,0,0,0,0,0,0,0,0),(53,73,6,0,0,0,0,0,0,0,0,0,0,0,0,0),(53,94,6,0,0,0,0,0,0,0,0,0,0,0,0,0),(53,100,6,0,0,0,0,0,0,0,0,0,0,0,0,0),(53,121,6,0,0,0,0,0,0,0,0,0,0,0,0,0),(54,66,6,0,0,0,0,0,0,0,0,0,0,0,0,0),(54,67,6,0,0,0,0,0,0,0,0,0,0,0,0,0),(54,73,6,0,0,0,0,0,0,0,0,0,0,0,0,0),(54,94,6,0,0,0,0,0,0,0,0,0,0,0,0,0),(54,100,6,0,0,0,0,0,0,0,0,0,0,0,0,0),(54,121,6,0,0,0,0,0,0,0,0,0,0,0,0,0),(55,66,6,0,0,0,0,0,0,0,0,0,0,0,0,0),(55,67,6,0,0,0,0,0,0,0,0,0,0,0,0,0),(55,73,6,0,0,0,0,0,0,0,0,0,0,0,0,0),(55,94,6,0,0,0,0,0,0,0,0,0,0,0,0,0),(55,100,6,0,0,0,0,0,0,0,0,1,0,1,2,1),(55,121,6,0,0,0,0,0,0,0,0,0,0,0,0,0),(56,66,6,0,0,0,0,0,0,0,0,0,0,0,0,0),(56,67,6,0,0,0,0,0,0,0,0,0,0,0,0,0),(56,73,6,0,0,0,0,0,0,0,0,0,0,0,0,0),(56,94,6,0,0,0,0,0,0,0,0,0,0,0,0,0),(56,100,6,0,0,0,0,0,0,0,0,0,0,0,0,0),(56,121,6,0,0,0,0,0,0,0,0,0,0,0,0,0),(57,66,6,0,0,0,0,0,0,0,0,0,0,0,0,0),(57,67,6,0,0,0,0,0,0,0,0,0,0,0,0,0),(57,73,6,0,0,0,0,0,0,0,0,0,0,0,0,0),(57,94,6,0,0,0,0,0,0,0,0,0,0,0,0,0),(57,100,6,0,0,0,0,0,0,0,0,0,0,0,0,0),(57,121,6,0,0,0,0,0,0,0,0,0,0,0,0,0),(58,66,6,0,0,0,0,0,0,0,0,0,0,0,0,0),(58,67,6,0,0,0,0,0,0,0,0,0,0,0,0,0),(58,73,6,0,0,0,0,0,0,0,0,0,0,0,0,0),(58,94,6,0,0,0,0,0,0,0,0,0,0,0,0,0),(58,100,6,0,0,0,0,0,0,0,0,0,0,0,0,0),(58,121,6,0,0,0,0,0,0,0,0,0,0,0,0,0),(59,83,12,0,0,0,0,0,0,0,0,0,0,0,0,0),(59,84,12,0,0,0,0,0,0,0,0,0,0,0,0,0),(59,89,12,0,0,0,0,0,0,0,0,0,0,0,0,0),(59,90,12,0,0,0,0,0,0,0,0,0,0,0,0,0),(59,91,12,0,0,0,0,0,0,0,0,0,0,0,0,1),(59,96,12,0,0,0,0,0,0,0,0,0,0,0,0,1),(59,98,12,0,0,0,0,0,0,2,3,1,2,0,6,1),(59,112,12,0,0,0,0,0,0,0,0,0,0,0,0,1),(60,83,12,0,0,0,0,0,0,0,0,0,0,0,0,0),(60,84,12,0,0,0,0,0,0,0,0,0,0,0,0,0),(60,89,12,0,0,0,0,0,0,0,0,0,0,0,0,0),(60,90,12,0,0,0,0,0,0,0,0,0,0,0,0,0),(60,91,12,0,0,0,0,0,0,0,0,0,0,0,0,1),(60,96,12,0,0,0,0,0,0,0,0,0,0,0,0,1),(60,98,12,0,0,0,0,0,0,0,5,0,5,0,4,1),(60,112,12,0,0,0,0,0,0,0,0,0,0,0,0,1),(61,83,12,0,0,0,0,0,0,0,0,0,0,0,0,0),(61,84,12,0,0,0,0,0,0,0,0,0,0,0,0,0),(61,89,12,0,0,0,0,0,0,0,2,0,1,0,5,0),(61,90,12,0,0,0,0,0,0,0,0,0,0,0,0,0),(61,91,12,0,0,0,0,0,0,0,0,0,0,0,0,1),(61,96,12,0,0,0,0,0,0,0,0,0,0,0,0,1),(61,98,12,0,0,0,0,0,0,0,3,0,1,0,2,0),(61,112,12,0,0,0,0,0,0,0,0,0,0,0,0,1),(62,83,12,0,0,0,0,0,0,0,0,0,0,0,0,0),(62,84,12,0,0,0,0,0,0,0,0,0,0,0,0,0),(62,89,12,0,0,0,0,0,0,0,0,0,0,0,0,0),(62,90,12,0,0,0,0,0,0,0,0,0,0,0,0,0),(62,91,12,0,0,0,0,0,0,0,0,0,0,0,0,1),(62,96,12,0,0,0,0,0,0,0,0,0,0,0,0,1),(62,98,12,0,0,0,0,0,0,2,1,0,0,1,5,1),(62,112,12,0,0,0,0,0,0,0,0,0,0,0,0,1),(63,83,12,0,0,0,0,0,0,0,0,0,0,0,0,0),(63,84,12,0,0,0,0,0,0,0,0,0,0,0,0,0),(63,89,12,0,0,0,0,0,0,0,0,0,0,0,0,0),(63,90,12,0,0,0,0,0,0,0,0,0,0,0,0,0),(63,91,12,0,0,0,0,0,0,0,0,0,0,0,0,0),(63,96,12,0,0,0,0,0,0,0,0,0,0,0,0,0),(63,98,12,0,0,0,0,0,0,2,1,3,0,2,5,0),(63,112,12,0,0,0,0,0,0,0,0,0,0,0,0,1),(64,83,12,0,0,0,0,0,0,0,0,0,0,0,0,0),(64,84,12,0,0,0,0,0,0,0,0,0,0,0,0,0),(64,89,12,0,0,0,0,0,0,0,0,0,0,0,0,0),(64,90,12,0,0,0,0,0,0,0,0,0,0,0,0,0),(64,91,12,0,0,0,0,0,0,0,0,0,0,0,0,0),(64,96,12,0,0,0,0,0,0,0,0,0,0,0,0,1),(64,98,12,0,0,0,0,0,0,2,1,1,1,0,4,0),(64,112,12,0,0,0,0,0,0,0,0,0,0,0,0,0),(65,83,12,0,0,0,0,0,0,0,0,0,0,0,0,0),(65,84,12,0,0,0,0,0,0,0,0,0,0,0,0,0),(65,89,12,0,0,0,0,0,0,0,0,0,0,0,0,0),(65,90,12,0,0,0,0,0,0,0,0,0,0,0,0,0),(65,91,12,0,0,0,0,0,0,0,0,0,0,0,0,0),(65,96,12,0,0,0,0,0,0,0,0,0,0,0,0,0),(65,98,12,0,0,0,0,0,0,0,2,0,0,0,4,0),(65,112,12,0,0,0,0,0,0,0,0,0,0,0,0,0),(66,83,12,0,0,0,0,0,0,0,0,0,0,0,0,0),(66,84,12,0,0,0,0,0,0,0,0,0,0,0,0,0),(66,89,12,0,0,0,0,0,0,0,0,0,0,0,0,0),(66,90,12,0,0,0,0,0,0,0,0,0,0,0,0,0),(66,91,12,0,0,0,0,0,0,0,0,0,0,0,0,0),(66,96,12,0,0,0,0,0,0,0,0,0,0,0,0,0),(66,98,12,0,0,0,0,0,0,0,0,0,0,0,0,1),(66,112,12,0,0,0,0,0,0,0,0,0,0,0,0,0),(67,83,12,0,0,0,0,0,0,0,0,0,0,0,0,0),(67,84,12,0,0,0,0,0,0,0,0,0,0,0,0,0),(67,89,12,0,0,0,0,0,0,0,0,0,0,0,0,0),(67,90,12,0,0,0,0,0,0,0,0,0,0,0,0,0),(67,91,12,0,0,0,0,0,0,0,0,0,0,0,0,0),(67,96,12,0,0,0,0,0,0,0,0,0,0,0,0,0),(67,98,12,0,0,0,0,0,0,0,0,0,0,0,0,0),(67,112,12,0,0,0,0,0,0,0,0,0,0,0,0,0),(68,83,12,0,0,0,0,0,0,0,0,0,0,0,0,0),(68,84,12,0,0,0,0,0,0,0,0,0,0,0,0,0),(68,89,12,0,0,0,0,0,0,0,0,0,0,0,0,0),(68,90,12,0,0,0,0,0,0,0,0,0,0,0,0,0),(68,91,12,0,0,0,0,0,0,0,0,0,0,0,0,0),(68,96,12,0,0,0,0,0,0,0,0,0,0,0,0,0),(68,98,12,0,0,0,0,0,0,0,0,0,0,0,0,0),(68,112,12,0,0,0,0,0,0,0,0,0,0,0,0,0),(69,83,12,0,0,0,0,0,0,0,0,0,0,0,0,0),(69,84,12,0,0,0,0,0,0,0,0,0,0,0,0,0),(69,89,12,0,0,0,0,0,0,0,0,0,0,0,0,0),(69,90,12,0,0,0,0,0,0,0,0,0,0,0,0,0),(69,91,12,0,0,0,0,0,0,0,0,0,0,0,0,0),(69,96,12,0,0,0,0,0,0,0,0,0,0,0,0,0),(69,98,12,0,0,0,0,0,0,0,0,0,0,0,0,1),(69,112,12,0,0,0,0,0,0,0,0,0,0,0,0,0),(70,83,12,0,0,0,0,0,0,0,0,0,0,0,0,0),(70,84,12,0,0,0,0,0,0,0,0,0,0,0,0,0),(70,89,12,0,0,0,0,0,0,0,0,0,0,0,0,0),(70,90,12,0,0,0,0,0,0,0,0,0,0,0,0,0),(70,91,12,0,0,0,0,0,0,0,0,0,0,0,0,0),(70,96,12,0,0,0,0,0,0,0,0,0,0,0,0,0),(70,98,12,0,0,0,0,0,0,0,0,0,0,0,0,0),(70,112,12,0,0,0,0,0,0,0,0,0,0,0,0,0),(71,83,12,0,0,0,0,0,0,0,0,0,0,0,0,0),(71,84,12,0,0,0,0,0,0,0,0,0,0,0,0,0),(71,89,12,0,0,0,0,0,0,0,0,0,0,0,0,0),(71,90,12,0,0,0,0,0,0,0,0,0,0,0,0,0),(71,91,12,0,0,0,0,0,0,0,0,0,0,0,0,0),(71,96,12,0,0,0,0,0,0,0,0,0,0,0,0,0),(71,98,12,0,0,0,0,0,0,0,0,0,0,0,0,0),(71,112,12,0,0,0,0,0,0,0,0,0,0,0,0,0),(72,83,12,0,0,0,0,0,0,0,0,0,0,0,0,0),(72,84,12,0,0,0,0,0,0,0,0,0,0,0,0,0),(72,89,12,0,0,0,0,0,0,0,0,0,0,0,0,0),(72,90,12,0,0,0,0,0,0,0,0,0,0,0,0,0),(72,91,12,0,0,0,0,0,0,0,0,0,0,0,0,0),(72,96,12,0,0,0,0,0,0,0,0,0,0,0,0,0),(72,98,12,0,0,0,0,0,0,0,0,0,0,0,1,0),(72,112,12,0,0,0,0,0,0,0,0,0,0,0,0,0),(73,83,12,0,0,0,0,0,0,0,0,0,0,0,0,0),(73,84,12,0,0,0,0,0,0,0,0,0,0,0,0,0),(73,89,12,0,0,0,0,0,0,0,0,0,0,0,0,0),(73,90,12,0,0,0,0,0,0,0,0,0,0,0,0,0),(73,91,12,0,0,0,0,0,0,0,0,0,0,0,0,0),(73,96,12,0,0,0,0,0,0,0,0,0,0,0,0,0),(73,98,12,0,0,0,0,0,0,0,1,0,0,0,0,0),(73,112,12,0,0,0,0,0,0,0,0,0,0,0,0,0),(74,50,11,0,0,0,0,0,0,0,0,0,0,0,0,0),(74,56,11,0,0,0,0,0,0,0,0,0,0,0,0,1),(74,57,11,0,0,0,0,0,0,0,0,0,0,0,0,1),(74,58,11,0,0,0,0,0,0,0,0,0,0,0,0,1),(74,59,11,0,0,0,0,0,0,0,0,0,0,0,0,1),(74,63,11,0,0,0,0,0,0,0,0,0,0,0,0,1),(74,64,11,0,0,0,0,0,0,0,0,0,0,0,0,1),(74,65,11,0,0,0,0,0,0,0,0,0,0,0,0,0),(74,68,11,0,0,0,0,0,0,0,0,0,0,0,0,0),(74,69,11,0,0,0,0,0,0,0,0,0,0,0,0,0),(74,70,11,0,0,0,0,0,0,0,0,0,0,0,0,0),(74,71,11,0,0,0,0,0,0,0,0,0,0,0,0,0),(74,72,11,0,0,0,0,0,0,0,0,0,0,0,0,0),(74,73,11,0,0,0,0,0,0,0,0,0,0,0,0,0),(74,74,11,0,0,0,0,0,0,0,0,0,0,0,0,0),(74,75,11,0,0,0,0,0,0,0,0,0,0,0,0,0),(74,76,11,0,0,0,0,0,0,0,0,0,0,0,0,0),(74,78,11,0,0,0,0,0,0,0,0,0,0,0,0,0),(74,79,11,0,0,0,0,0,0,0,0,0,0,0,0,0),(74,80,11,0,0,0,0,0,0,0,0,0,0,0,0,0),(74,81,11,0,0,0,0,0,0,0,0,0,0,0,0,0),(74,83,11,0,0,0,0,0,0,0,0,0,0,0,0,0),(74,84,11,0,0,0,0,0,0,0,0,0,0,0,0,0),(74,85,11,0,0,0,0,0,0,0,0,0,0,0,0,0),(74,86,11,0,0,0,0,0,0,0,0,0,0,0,0,0),(74,87,11,0,0,0,0,0,0,0,0,0,0,0,0,0),(74,88,11,0,0,0,0,0,0,0,0,0,0,0,0,0),(74,89,11,0,0,0,0,0,0,0,0,0,0,0,0,0),(74,90,11,0,0,0,0,0,0,0,0,0,0,0,0,0),(74,91,11,0,0,0,0,0,0,0,0,0,0,0,0,1),(74,92,11,0,0,0,0,0,0,0,0,0,0,0,0,1),(74,93,11,0,0,0,0,0,0,0,0,0,0,0,0,1),(74,96,11,0,0,0,0,0,0,0,0,0,0,0,0,1),(74,99,11,0,0,0,0,0,0,0,0,0,0,0,0,1),(74,100,11,0,0,0,0,0,0,0,0,0,0,1,1,0),(74,101,11,0,0,0,0,0,0,0,0,0,0,0,0,1),(74,102,11,0,0,0,0,0,0,0,0,0,0,0,0,1),(74,104,11,0,0,0,0,0,0,0,0,0,0,0,0,1),(74,105,11,0,0,0,0,0,0,0,0,0,0,0,0,1),(74,106,11,0,0,0,0,0,0,0,0,0,0,0,0,1),(74,107,11,0,0,0,0,0,0,0,0,0,0,0,0,1),(74,108,11,0,0,0,0,0,0,0,0,0,0,0,0,1),(74,109,11,0,0,0,0,0,0,0,0,0,0,0,0,1),(74,110,11,0,0,0,0,0,0,0,0,0,0,0,0,1),(74,111,11,0,0,0,0,0,0,0,0,0,0,0,0,1),(74,112,11,0,0,0,0,0,0,0,0,0,0,0,0,1),(74,114,11,0,0,0,0,0,0,0,0,0,0,0,0,1),(74,115,11,0,0,0,0,0,0,0,0,0,0,0,0,1),(74,116,11,0,0,0,0,0,0,0,0,0,0,0,0,1),(74,117,11,0,0,0,0,0,0,0,0,0,0,0,0,1),(74,118,11,0,0,0,0,0,0,0,0,0,0,0,0,1),(74,119,11,0,0,0,0,0,0,0,0,0,0,0,0,1),(74,120,11,0,0,0,0,0,0,0,0,0,0,0,0,1),(74,121,11,0,0,0,0,0,0,0,0,0,0,0,0,1),(75,50,11,0,0,0,0,0,0,0,0,0,0,0,0,0),(75,56,11,0,0,0,0,0,0,0,0,0,0,0,0,1),(75,57,11,0,0,0,0,0,0,0,0,0,0,0,0,1),(75,58,11,0,0,0,0,0,0,0,0,0,0,0,0,1),(75,59,11,0,0,0,0,0,0,0,0,0,0,0,0,1),(75,63,11,0,0,0,0,0,0,0,0,0,0,0,0,1),(75,64,11,0,0,0,0,0,0,0,0,0,0,0,0,1),(75,65,11,0,0,0,0,0,0,0,0,0,0,0,0,0),(75,68,11,0,0,0,0,0,0,0,0,0,0,0,0,0),(75,69,11,0,0,0,0,0,0,0,0,0,0,0,0,0),(75,70,11,0,0,0,0,0,0,0,0,0,0,0,0,0),(75,71,11,0,0,0,0,0,0,0,0,0,0,0,0,0),(75,72,11,0,0,0,0,0,0,0,0,0,0,0,0,0),(75,73,11,0,0,0,0,0,0,0,0,0,0,0,0,0),(75,74,11,0,0,0,0,0,0,0,0,0,0,0,0,0),(75,75,11,0,0,0,0,0,0,0,0,0,0,0,0,0),(75,76,11,0,0,0,0,0,0,0,0,0,0,0,0,0),(75,78,11,0,0,0,0,0,0,0,0,0,0,0,0,0),(75,79,11,0,0,0,0,0,0,0,0,0,0,0,0,0),(75,80,11,0,0,0,0,0,0,0,0,0,0,0,0,0),(75,81,11,0,0,0,0,0,0,0,0,0,0,0,0,0),(75,83,11,0,0,0,0,0,0,0,0,0,0,0,0,0),(75,84,11,0,0,0,0,0,0,0,0,0,0,0,0,0),(75,85,11,0,0,0,0,0,0,0,0,0,0,0,0,0),(75,86,11,0,0,0,0,0,0,0,0,0,0,0,0,0),(75,87,11,0,0,0,0,0,0,0,0,0,0,0,0,0),(75,88,11,0,0,0,0,0,0,0,0,0,0,0,0,0),(75,89,11,0,0,0,0,0,0,0,0,0,0,0,0,0),(75,90,11,0,0,0,0,0,0,0,0,0,0,0,0,0),(75,91,11,0,0,0,0,0,0,0,0,0,0,0,0,1),(75,92,11,0,0,0,0,0,0,0,0,0,0,0,0,1),(75,93,11,0,0,0,0,0,0,0,0,0,0,0,0,1),(75,96,11,0,0,0,0,0,0,0,0,0,0,0,0,1),(75,99,11,0,0,0,0,0,0,0,1,0,11,0,2,1),(75,100,11,0,0,1,7,0,0,1,1,3,0,2,2,1),(75,101,11,0,0,0,0,0,0,0,0,0,0,0,0,1),(75,102,11,0,0,0,0,0,0,0,0,0,0,0,0,1),(75,104,11,0,0,0,0,0,0,0,0,0,0,0,0,1),(75,105,11,0,0,0,0,0,0,0,0,0,0,0,0,1),(75,106,11,0,0,0,0,0,0,0,0,0,0,0,0,1),(75,107,11,0,0,0,0,0,0,0,0,0,0,0,0,1),(75,108,11,0,0,0,0,0,0,0,0,0,0,0,0,1),(75,109,11,0,0,0,0,0,0,0,0,0,0,0,0,1),(75,110,11,0,0,0,0,0,0,0,0,0,0,0,0,1),(75,111,11,0,0,0,0,0,0,0,0,0,0,0,0,1),(75,112,11,0,0,0,0,0,0,0,0,0,0,0,0,1),(75,114,11,0,0,0,0,0,0,0,0,0,0,0,0,1),(75,115,11,0,0,0,0,0,0,0,0,0,0,0,0,1),(75,116,11,0,0,0,0,0,0,0,0,0,0,0,0,1),(75,117,11,0,0,0,0,0,0,0,0,0,0,0,0,1),(75,118,11,0,0,0,0,0,0,0,0,0,0,0,0,1),(75,119,11,0,0,0,0,0,0,0,0,0,0,0,0,1),(75,120,11,0,0,0,0,0,0,0,0,0,0,0,0,1),(75,121,11,0,0,0,0,0,0,0,0,0,0,0,0,1),(76,50,11,0,0,0,0,0,0,0,0,0,0,0,0,0),(76,56,11,0,0,0,0,0,0,0,0,0,0,0,0,1),(76,57,11,0,0,0,0,0,0,0,0,0,0,0,0,1),(76,58,11,0,0,0,0,0,0,0,0,0,0,0,0,1),(76,59,11,0,0,0,0,0,0,0,0,0,0,0,0,1),(76,63,11,0,0,0,0,0,0,0,0,0,0,0,0,1),(76,64,11,0,0,0,0,0,0,0,0,0,0,0,0,1),(76,65,11,0,0,0,0,0,0,0,0,0,0,0,0,0),(76,68,11,0,0,0,0,0,0,0,0,0,0,0,0,0),(76,69,11,0,0,0,0,0,0,0,0,0,0,0,0,0),(76,70,11,0,0,0,0,0,0,0,0,0,0,0,0,0),(76,71,11,0,0,0,0,0,0,0,0,0,0,0,0,0),(76,72,11,0,0,0,0,0,0,0,0,0,0,0,0,0),(76,73,11,0,0,0,0,0,0,0,0,0,0,0,0,0),(76,74,11,0,0,0,0,0,0,0,0,0,0,0,0,0),(76,75,11,0,0,0,0,0,0,0,0,0,0,0,0,0),(76,76,11,0,0,0,0,0,0,0,0,0,0,0,0,0),(76,78,11,0,0,0,0,0,0,0,0,0,0,0,0,0),(76,79,11,0,0,0,0,0,0,0,0,0,0,0,0,0),(76,80,11,0,0,0,0,0,0,0,0,0,0,0,0,0),(76,81,11,0,0,0,0,0,0,0,0,0,0,0,0,0),(76,83,11,0,0,0,0,0,0,0,0,0,0,0,0,0),(76,84,11,0,0,0,0,0,0,0,0,0,0,0,0,0),(76,85,11,0,0,0,0,0,0,0,0,0,0,0,0,0),(76,86,11,0,0,0,0,0,0,0,0,0,0,0,0,0),(76,87,11,0,0,0,0,0,0,0,0,0,0,0,0,0),(76,88,11,0,0,0,0,0,0,0,0,0,0,0,0,0),(76,89,11,0,0,0,0,0,0,0,0,0,0,0,0,0),(76,90,11,0,0,0,0,0,0,0,0,0,0,0,0,0),(76,91,11,0,0,0,0,0,0,0,0,0,0,0,0,1),(76,92,11,0,0,0,0,0,0,0,0,0,0,0,0,1),(76,93,11,0,0,0,0,0,0,0,0,0,0,0,0,1),(76,96,11,0,0,0,0,0,0,0,0,0,0,0,0,1),(76,99,11,0,0,0,0,0,0,0,0,0,11,0,0,0),(76,100,11,0,0,0,0,0,0,0,0,0,0,0,0,0),(76,101,11,0,0,0,0,0,0,0,0,0,0,0,0,1),(76,102,11,0,0,0,0,0,0,0,0,0,0,0,0,1),(76,104,11,0,0,0,0,0,0,0,0,0,0,0,0,1),(76,105,11,0,0,0,0,0,0,0,0,0,0,0,0,1),(76,106,11,0,0,0,0,0,0,0,0,0,0,0,0,1),(76,107,11,0,0,0,0,0,0,0,0,0,0,0,0,1),(76,108,11,0,0,0,0,0,0,0,0,0,0,0,0,1),(76,109,11,0,0,0,0,0,0,0,0,0,0,0,0,1),(76,110,11,0,0,0,0,0,0,0,0,0,0,0,0,1),(76,111,11,0,0,0,0,0,0,0,0,0,0,0,0,1),(76,112,11,0,0,0,0,0,0,0,0,0,0,0,0,1),(76,114,11,0,0,0,0,0,0,0,0,0,0,0,0,1),(76,115,11,0,0,0,0,0,0,0,0,0,0,0,0,1),(76,116,11,0,0,0,0,0,0,0,0,0,0,0,0,1),(76,117,11,0,0,0,0,0,0,0,0,0,0,0,0,1),(76,118,11,0,0,0,0,0,0,0,0,0,0,0,0,1),(76,119,11,0,0,0,0,0,0,0,0,0,0,0,0,1),(76,120,11,0,0,0,0,0,0,0,0,0,0,0,0,1),(76,121,11,0,0,0,0,0,0,0,0,0,0,0,0,1),(77,50,11,0,0,0,0,0,0,0,0,0,0,0,0,0),(77,56,11,0,0,0,0,0,0,0,0,0,0,0,0,1),(77,57,11,0,0,0,0,0,0,0,0,0,0,0,0,1),(77,58,11,0,0,0,0,0,0,0,0,0,0,0,0,1),(77,59,11,0,0,0,0,0,0,0,0,0,0,0,0,1),(77,63,11,0,0,0,0,0,0,0,0,0,0,0,0,1),(77,64,11,0,0,0,0,0,0,0,0,0,0,0,0,1),(77,65,11,0,0,0,0,0,0,0,0,0,0,0,0,0),(77,68,11,0,0,0,0,0,0,0,0,0,0,0,0,0),(77,69,11,0,0,0,0,0,0,0,0,0,0,0,0,0),(77,70,11,0,0,0,0,0,0,0,0,0,0,0,0,0),(77,71,11,0,0,0,0,0,0,0,0,0,0,0,0,0),(77,72,11,0,0,0,0,0,0,0,0,0,0,0,0,0),(77,73,11,0,0,0,0,0,0,0,0,0,0,0,0,0),(77,74,11,0,0,0,0,0,0,0,0,0,0,0,0,0),(77,75,11,0,0,0,0,0,0,0,0,0,0,0,0,0),(77,76,11,0,0,0,0,0,0,0,0,0,0,0,0,0),(77,78,11,0,0,0,0,0,0,0,0,0,0,0,0,0),(77,79,11,0,0,0,0,0,0,0,0,0,0,0,0,0),(77,80,11,0,0,0,0,0,0,0,0,0,0,0,0,0),(77,81,11,0,0,0,0,0,0,0,0,0,0,0,0,0),(77,83,11,0,0,0,0,0,0,0,0,0,0,0,0,0),(77,84,11,0,0,0,0,0,0,0,0,0,0,0,0,0),(77,85,11,0,0,0,0,0,0,0,0,0,0,0,0,0),(77,86,11,0,0,0,0,0,0,0,0,0,0,0,0,0),(77,87,11,0,0,0,0,0,0,0,0,0,0,0,0,0),(77,88,11,0,0,0,0,0,0,0,0,0,0,0,0,0),(77,89,11,0,0,0,0,0,0,0,0,0,0,0,0,0),(77,90,11,0,0,0,0,0,0,0,0,0,0,0,0,0),(77,91,11,0,0,0,0,0,0,0,0,0,0,0,0,1),(77,92,11,0,0,0,0,0,0,0,0,0,0,0,0,1),(77,93,11,0,0,0,0,0,0,0,0,0,0,0,0,1),(77,96,11,0,0,0,0,0,0,0,0,0,0,0,0,0),(77,99,11,0,0,0,0,0,0,0,0,0,13,0,1,1),(77,100,11,0,0,0,0,0,0,0,0,0,0,0,0,0),(77,101,11,0,0,0,0,0,0,0,0,0,0,0,0,1),(77,102,11,0,0,0,0,0,0,0,0,0,0,0,0,1),(77,104,11,0,0,0,0,0,0,0,0,0,0,0,0,1),(77,105,11,0,0,0,0,0,0,0,0,0,0,0,0,1),(77,106,11,0,0,0,0,0,0,0,0,0,0,0,0,1),(77,107,11,0,0,0,0,0,0,0,0,0,0,0,0,1),(77,108,11,0,0,0,0,0,0,0,0,0,0,0,0,1),(77,109,11,0,0,0,0,0,0,0,0,0,0,0,0,1),(77,110,11,0,0,0,0,0,0,0,0,0,0,0,0,1),(77,111,11,0,0,0,0,0,0,0,0,0,0,0,0,1),(77,112,11,0,0,0,0,0,0,0,0,0,0,0,0,1),(77,114,11,0,0,0,0,0,0,0,0,0,0,0,0,1),(77,115,11,0,0,0,0,0,0,0,0,0,0,0,0,1),(77,116,11,0,0,0,0,0,0,0,0,0,0,0,0,1),(77,117,11,0,0,0,0,0,0,0,0,0,0,0,0,1),(77,118,11,0,0,0,0,0,0,0,0,0,0,0,0,1),(77,119,11,0,0,0,0,0,0,0,0,0,0,0,0,1),(77,120,11,0,0,0,0,0,0,0,0,0,0,0,0,1),(77,121,11,0,0,0,0,0,0,0,0,0,0,0,0,1),(78,50,11,0,0,0,0,0,0,0,0,0,0,0,0,0),(78,56,11,0,0,0,0,0,0,0,0,0,0,0,0,1),(78,57,11,0,0,0,0,0,0,0,0,0,0,0,0,1),(78,58,11,0,0,0,0,0,0,0,0,0,0,0,0,1),(78,59,11,0,0,0,0,0,0,0,0,0,0,0,0,1),(78,63,11,0,0,0,0,0,0,0,0,0,0,0,0,1),(78,64,11,0,0,0,0,0,0,0,0,0,0,0,0,1),(78,65,11,0,0,0,0,0,0,0,0,0,0,0,0,0),(78,68,11,0,0,0,0,0,0,0,0,0,0,0,0,0),(78,69,11,0,0,0,0,0,0,0,0,0,0,0,0,0),(78,70,11,0,0,0,0,0,0,0,0,0,0,0,0,0),(78,71,11,0,0,0,0,0,0,0,0,0,0,0,0,0),(78,72,11,0,0,0,0,0,0,0,0,0,0,0,0,0),(78,73,11,0,0,0,0,0,0,0,0,0,0,0,0,0),(78,74,11,0,0,0,0,0,0,0,0,0,0,0,0,0),(78,75,11,0,0,0,0,0,0,0,0,0,0,0,0,0),(78,76,11,0,0,0,0,0,0,0,0,0,0,0,0,0),(78,78,11,0,0,0,0,0,0,0,0,0,0,0,0,0),(78,79,11,0,0,0,0,0,0,0,0,0,0,0,0,0),(78,80,11,0,0,0,0,0,0,0,0,0,0,0,0,0),(78,81,11,0,0,0,0,0,0,0,0,0,0,0,0,0),(78,83,11,0,0,0,0,0,0,0,0,0,0,0,0,0),(78,84,11,0,0,0,0,0,0,0,0,0,0,0,0,0),(78,85,11,0,0,0,0,0,0,0,0,0,0,0,0,0),(78,86,11,0,0,0,0,0,0,0,0,0,0,0,0,0),(78,87,11,0,0,0,0,0,0,0,0,0,0,0,0,0),(78,88,11,0,0,0,0,0,0,0,0,0,0,0,0,0),(78,89,11,0,0,0,0,0,0,0,0,0,0,0,0,0),(78,90,11,0,0,0,0,0,0,0,0,0,0,0,0,0),(78,91,11,0,0,0,0,0,0,0,0,0,0,0,0,0),(78,92,11,0,0,0,0,0,0,0,0,0,0,0,0,1),(78,93,11,0,0,0,0,0,0,0,0,0,0,0,0,1),(78,96,11,0,0,0,0,0,0,0,0,0,0,0,0,0),(78,99,11,0,0,0,0,0,0,0,0,0,0,0,0,1),(78,100,11,1,0,0,7,0,0,2,0,0,0,0,0,1),(78,101,11,0,0,0,0,0,0,0,0,0,0,0,0,1),(78,102,11,0,0,0,0,0,0,0,0,0,0,0,0,1),(78,104,11,0,0,0,0,0,0,0,0,0,0,0,0,1),(78,105,11,0,0,0,0,0,0,0,0,0,0,0,0,1),(78,106,11,0,0,0,0,0,0,0,0,0,0,0,0,1),(78,107,11,0,0,0,0,0,0,0,0,0,0,0,0,1),(78,108,11,0,0,0,0,0,0,0,0,0,0,0,0,1),(78,109,11,0,0,0,0,0,0,0,0,0,0,0,0,1),(78,110,11,0,0,0,0,0,0,0,0,0,0,0,0,1),(78,111,11,0,0,0,0,0,0,0,0,0,0,0,0,1),(78,112,11,0,0,0,0,0,0,0,0,0,0,0,0,1),(78,114,11,0,0,0,0,0,0,0,0,0,0,0,0,1),(78,115,11,0,0,0,0,0,0,0,0,0,0,0,0,1),(78,116,11,0,0,0,0,0,0,0,0,0,0,0,0,1),(78,117,11,0,0,0,0,0,0,0,0,0,0,0,0,1),(78,118,11,0,0,0,0,0,0,0,0,0,0,0,0,1),(78,119,11,0,0,0,0,0,0,0,0,0,0,0,0,1),(78,120,11,0,0,0,0,0,0,0,0,0,0,0,0,1),(78,121,11,0,0,0,0,0,0,0,0,0,0,0,0,1),(79,50,11,0,0,0,0,0,0,0,0,0,0,0,0,0),(79,56,11,0,0,0,0,0,0,0,0,0,0,0,0,0),(79,57,11,0,0,0,0,0,0,0,0,0,0,0,0,0),(79,58,11,0,0,0,0,0,0,0,0,0,0,0,0,0),(79,59,11,0,0,0,0,0,0,0,0,0,0,0,0,0),(79,63,11,0,0,0,0,0,0,0,0,0,0,0,0,0),(79,64,11,0,0,0,0,0,0,0,0,0,0,0,0,0),(79,65,11,0,0,0,0,0,0,0,0,0,0,0,0,0),(79,68,11,0,0,0,0,0,0,0,0,0,0,0,0,0),(79,69,11,0,0,0,0,0,0,0,0,0,0,0,0,0),(79,70,11,0,0,0,0,0,0,0,0,0,0,0,0,0),(79,71,11,0,0,0,0,0,0,0,0,0,0,0,0,0),(79,72,11,0,0,0,0,0,0,0,0,0,0,0,0,0),(79,73,11,0,0,0,0,0,0,0,0,0,0,0,0,0),(79,74,11,0,0,0,0,0,0,0,0,0,0,0,0,0),(79,75,11,0,0,0,0,0,0,0,0,0,0,0,0,0),(79,76,11,0,0,0,0,0,0,0,0,0,0,0,0,0),(79,78,11,0,0,0,0,0,0,0,0,0,0,0,0,0),(79,79,11,0,0,0,0,0,0,0,0,0,0,0,0,0),(79,80,11,0,0,0,0,0,0,0,0,0,0,0,0,0),(79,81,11,0,0,0,0,0,0,0,0,0,0,0,0,0),(79,83,11,0,0,0,0,0,0,0,0,0,0,0,0,0),(79,84,11,0,0,0,0,0,0,0,0,0,0,0,0,0),(79,85,11,0,0,0,0,0,0,0,0,0,0,0,0,0),(79,86,11,0,0,0,0,0,0,0,0,0,0,0,0,0),(79,87,11,0,0,0,0,0,0,0,0,0,0,0,0,0),(79,88,11,0,0,0,0,0,0,0,0,0,0,0,0,0),(79,89,11,0,0,0,0,0,0,0,0,0,0,0,0,0),(79,90,11,0,0,0,0,0,0,0,0,0,0,0,0,0),(79,91,11,0,0,0,0,0,0,0,0,0,0,0,0,0),(79,92,11,0,0,0,0,0,0,0,0,0,0,0,0,0),(79,93,11,0,0,0,0,0,0,0,0,0,0,0,0,0),(79,96,11,0,0,0,0,0,0,0,0,0,0,0,0,0),(79,99,11,0,0,0,0,0,0,0,0,0,0,0,0,1),(79,100,11,0,0,0,1,0,0,0,2,0,1,1,2,1),(79,101,11,0,0,0,0,0,0,0,0,0,0,0,0,0),(79,102,11,0,0,0,0,0,0,0,0,0,0,0,0,0),(79,104,11,0,0,0,0,0,0,0,0,0,0,0,0,0),(79,105,11,0,0,0,0,0,0,0,0,0,0,0,0,0),(79,106,11,0,0,0,0,0,0,0,0,0,0,0,0,0),(79,107,11,0,0,0,0,0,0,0,0,0,0,0,0,0),(79,108,11,0,0,0,0,0,0,0,0,0,0,0,0,0),(79,109,11,0,0,0,0,0,0,0,0,0,0,0,0,0),(79,110,11,0,0,0,0,0,0,0,0,0,0,0,0,0),(79,111,11,0,0,0,0,0,0,0,0,0,0,0,0,0),(79,112,11,0,0,0,0,0,0,0,0,0,0,0,0,0),(79,114,11,0,0,0,0,0,0,0,0,0,0,0,0,0),(79,115,11,0,0,0,0,0,0,0,0,0,0,0,0,0),(79,116,11,0,0,0,0,0,0,0,0,0,0,0,0,0),(79,117,11,0,0,0,0,0,0,0,0,0,0,0,0,0),(79,118,11,0,0,0,0,0,0,0,0,0,0,0,0,0),(79,119,11,0,0,0,0,0,0,0,0,0,0,0,0,0),(79,120,11,0,0,0,0,0,0,0,0,0,0,0,0,0),(79,121,11,0,0,0,0,0,0,0,0,0,0,0,0,0),(80,50,11,0,0,0,0,0,0,0,0,0,0,0,0,0),(80,56,11,0,0,0,0,0,0,0,0,0,0,0,0,0),(80,57,11,0,0,0,0,0,0,0,0,0,0,0,0,0),(80,58,11,0,0,0,0,0,0,0,0,0,0,0,0,0),(80,59,11,0,0,0,0,0,0,0,0,0,0,0,0,0),(80,63,11,0,0,0,0,0,0,0,0,0,0,0,0,0),(80,64,11,0,0,0,0,0,0,0,0,0,0,0,0,0),(80,65,11,0,0,0,0,0,0,0,0,0,0,0,0,0),(80,68,11,0,0,0,0,0,0,0,0,0,0,0,0,0),(80,69,11,0,0,0,0,0,0,0,0,0,0,0,0,0),(80,70,11,0,0,0,0,0,0,0,0,0,0,0,0,0),(80,71,11,0,0,0,0,0,0,0,0,0,0,0,0,0),(80,72,11,0,0,0,0,0,0,0,0,0,0,0,0,0),(80,73,11,0,0,0,0,0,0,0,0,0,0,0,0,0),(80,74,11,0,0,0,0,0,0,0,0,0,0,0,0,0),(80,75,11,0,0,0,0,0,0,0,0,0,0,0,0,0),(80,76,11,0,0,0,0,0,0,0,0,0,0,0,0,0),(80,78,11,0,0,0,0,0,0,0,0,0,0,0,0,0),(80,79,11,0,0,0,0,0,0,0,0,0,0,0,0,0),(80,80,11,0,0,0,0,0,0,0,0,0,0,0,0,0),(80,81,11,0,0,0,0,0,0,0,0,0,0,0,0,0),(80,83,11,0,0,0,0,0,0,0,0,0,0,0,0,0),(80,84,11,0,0,0,0,0,0,0,0,0,0,0,0,0),(80,85,11,0,0,0,0,0,0,0,0,0,0,0,0,0),(80,86,11,0,0,0,0,0,0,0,0,0,0,0,0,0),(80,87,11,0,0,0,0,0,0,0,0,0,0,0,0,0),(80,88,11,0,0,0,0,0,0,0,0,0,0,0,0,0),(80,89,11,0,0,0,0,0,0,0,0,0,0,0,0,0),(80,90,11,0,0,0,0,0,0,0,0,0,0,0,0,0),(80,91,11,0,0,0,0,0,0,0,0,0,0,0,0,0),(80,92,11,0,0,0,0,0,0,0,0,0,0,0,0,0),(80,93,11,0,0,0,0,0,0,0,0,0,0,0,0,0),(80,96,11,0,0,0,0,0,0,0,0,0,0,0,0,0),(80,99,11,0,0,0,0,0,0,0,0,0,0,0,0,0),(80,100,11,0,0,0,0,0,0,0,0,0,0,0,0,0),(80,101,11,0,0,0,0,0,0,0,0,0,0,0,0,0),(80,102,11,0,0,0,0,0,0,0,0,0,0,0,0,0),(80,104,11,0,0,0,0,0,0,0,0,0,0,0,0,0),(80,105,11,0,0,0,0,0,0,0,0,0,0,0,0,0),(80,106,11,0,0,0,0,0,0,0,0,0,0,0,0,0),(80,107,11,0,0,0,0,0,0,0,0,0,0,0,0,0),(80,108,11,0,0,0,0,0,0,0,0,0,0,0,0,0),(80,109,11,0,0,0,0,0,0,0,0,0,0,0,0,0),(80,110,11,0,0,0,0,0,0,0,0,0,0,0,0,0),(80,111,11,0,0,0,0,0,0,0,0,0,0,0,0,0),(80,112,11,0,0,0,0,0,0,0,0,0,0,0,0,0),(80,114,11,0,0,0,0,0,0,0,0,0,0,0,0,0),(80,115,11,0,0,0,0,0,0,0,0,0,0,0,0,0),(80,116,11,0,0,0,0,0,0,0,0,0,0,0,0,0),(80,117,11,0,0,0,0,0,0,0,0,0,0,0,0,0),(80,118,11,0,0,0,0,0,0,0,0,0,0,0,0,0),(80,119,11,0,0,0,0,0,0,0,0,0,0,0,0,0),(80,120,11,0,0,0,0,0,0,0,0,0,0,0,0,0),(80,121,11,0,0,0,0,0,0,0,0,0,0,0,0,0),(81,50,11,0,0,0,0,0,0,0,0,0,0,0,0,0),(81,56,11,0,0,0,0,0,0,0,0,0,0,0,0,0),(81,57,11,0,0,0,0,0,0,0,0,0,0,0,0,0),(81,58,11,0,0,0,0,0,0,0,0,0,0,0,0,0),(81,59,11,0,0,0,0,0,0,0,0,0,0,0,0,0),(81,63,11,0,0,0,0,0,0,0,0,0,0,0,0,0),(81,64,11,0,0,0,0,0,0,0,0,0,0,0,0,0),(81,65,11,0,0,0,0,0,0,0,0,0,0,0,0,0),(81,68,11,0,0,0,0,0,0,0,0,0,0,0,0,0),(81,69,11,0,0,0,0,0,0,0,0,0,0,0,0,0),(81,70,11,0,0,0,0,0,0,0,0,0,0,0,0,0),(81,71,11,0,0,0,0,0,0,0,0,0,0,0,0,0),(81,72,11,0,0,0,0,0,0,0,0,0,0,0,0,0),(81,73,11,0,0,0,0,0,0,0,0,0,0,0,0,0),(81,74,11,0,0,0,0,0,0,0,0,0,0,0,0,0),(81,75,11,0,0,0,0,0,0,0,0,0,0,0,0,0),(81,76,11,0,0,0,0,0,0,0,0,0,0,0,0,0),(81,78,11,0,0,0,0,0,0,0,0,0,0,0,0,0),(81,79,11,0,0,0,0,0,0,0,0,0,0,0,0,0),(81,80,11,0,0,0,0,0,0,0,0,0,0,0,0,0),(81,81,11,0,0,0,0,0,0,0,0,0,0,0,0,0),(81,83,11,0,0,0,0,0,0,0,0,0,0,0,0,0),(81,84,11,0,0,0,0,0,0,0,0,0,0,0,0,0),(81,85,11,0,0,0,0,0,0,0,0,0,0,0,0,0),(81,86,11,0,0,0,0,0,0,0,0,0,0,0,0,0),(81,87,11,0,0,0,0,0,0,0,0,0,0,0,0,0),(81,88,11,0,0,0,0,0,0,0,0,0,0,0,0,0),(81,89,11,0,0,0,0,0,0,0,0,0,0,0,0,0),(81,90,11,0,0,0,0,0,0,0,0,0,0,0,0,0),(81,91,11,0,0,0,0,0,0,0,0,0,0,0,0,0),(81,92,11,0,0,0,0,0,0,0,0,0,0,0,0,0),(81,93,11,0,0,0,0,0,0,0,0,0,0,0,0,0),(81,96,11,0,0,0,0,0,0,0,0,0,0,0,0,0),(81,99,11,0,0,0,0,0,0,0,0,0,0,0,0,0),(81,100,11,0,0,0,0,0,0,0,0,0,0,0,1,1),(81,101,11,0,0,0,0,0,0,0,0,0,0,0,0,0),(81,102,11,0,0,0,0,0,0,0,0,0,0,0,0,0),(81,104,11,0,0,0,0,0,0,0,0,0,0,0,0,0),(81,105,11,0,0,0,0,0,0,0,0,0,0,0,0,0),(81,106,11,0,0,0,0,0,0,0,0,0,0,0,0,0),(81,107,11,0,0,0,0,0,0,0,0,0,0,0,0,0),(81,108,11,0,0,0,0,0,0,0,0,0,0,0,0,0),(81,109,11,0,0,0,0,0,0,0,0,0,0,0,0,0),(81,110,11,0,0,0,0,0,0,0,0,0,0,0,0,0),(81,111,11,0,0,0,0,0,0,0,0,0,0,0,0,0),(81,112,11,0,0,0,0,0,0,0,0,0,0,0,0,0),(81,114,11,0,0,0,0,0,0,0,0,0,0,0,0,0),(81,115,11,0,0,0,0,0,0,0,0,0,0,0,0,0),(81,116,11,0,0,0,0,0,0,0,0,0,0,0,0,0),(81,117,11,0,0,0,0,0,0,0,0,0,0,0,0,0),(81,118,11,0,0,0,0,0,0,0,0,0,0,0,0,0),(81,119,11,0,0,0,0,0,0,0,0,0,0,0,0,0),(81,120,11,0,0,0,0,0,0,0,0,0,0,0,0,0),(81,121,11,0,0,0,0,0,0,0,0,0,0,0,0,0),(82,50,11,0,0,0,0,0,0,0,0,0,0,0,0,0),(82,56,11,0,0,0,0,0,0,0,0,0,0,0,0,0),(82,57,11,0,0,0,0,0,0,0,0,0,0,0,0,0),(82,58,11,0,0,0,0,0,0,0,0,0,0,0,0,0),(82,59,11,0,0,0,0,0,0,0,0,0,0,0,0,0),(82,63,11,0,0,0,0,0,0,0,0,0,0,0,0,0),(82,64,11,0,0,0,0,0,0,0,0,0,0,0,0,0),(82,65,11,0,0,0,0,0,0,0,0,0,0,0,0,0),(82,68,11,0,0,0,0,0,0,0,0,0,0,0,0,0),(82,69,11,0,0,0,0,0,0,0,0,0,0,0,0,0),(82,70,11,0,0,0,0,0,0,0,0,0,0,0,0,0),(82,71,11,0,0,0,0,0,0,0,0,0,0,0,0,0),(82,72,11,0,0,0,0,0,0,0,0,0,0,0,0,0),(82,73,11,0,0,0,0,0,0,0,0,0,0,0,0,0),(82,74,11,0,0,0,0,0,0,0,0,0,0,0,0,0),(82,75,11,0,0,0,0,0,0,0,0,0,0,0,0,0),(82,76,11,0,0,0,0,0,0,0,0,0,0,0,0,0),(82,78,11,0,0,0,0,0,0,0,0,0,0,0,0,0),(82,79,11,0,0,0,0,0,0,0,0,0,0,0,0,0),(82,80,11,0,0,0,0,0,0,0,0,0,0,0,0,0),(82,81,11,0,0,0,0,0,0,0,0,0,0,0,0,0),(82,83,11,0,0,0,0,0,0,0,0,0,0,0,0,0),(82,84,11,0,0,0,0,0,0,0,0,0,0,0,0,0),(82,85,11,0,0,0,0,0,0,0,0,0,0,0,0,0),(82,86,11,0,0,0,0,0,0,0,0,0,0,0,0,0),(82,87,11,0,0,0,0,0,0,0,0,0,0,0,0,0),(82,88,11,0,0,0,0,0,0,0,0,0,0,0,0,0),(82,89,11,0,0,0,0,0,0,0,0,0,0,0,0,0),(82,90,11,0,0,0,0,0,0,0,0,0,0,0,0,0),(82,91,11,0,0,0,0,0,0,0,0,0,0,0,0,0),(82,92,11,0,0,0,0,0,0,0,0,0,0,0,0,0),(82,93,11,0,0,0,0,0,0,0,0,0,0,0,0,0),(82,96,11,0,0,0,0,0,0,0,0,0,0,0,0,0),(82,99,11,0,0,0,0,0,0,0,0,0,0,0,0,0),(82,100,11,0,0,0,0,0,0,0,0,0,0,0,0,0),(82,101,11,0,0,0,0,0,0,0,0,0,0,0,0,0),(82,102,11,0,0,0,0,0,0,0,0,0,0,0,0,0),(82,104,11,0,0,0,0,0,0,0,0,0,0,0,0,0),(82,105,11,0,0,0,0,0,0,0,0,0,0,0,0,0),(82,106,11,0,0,0,0,0,0,0,0,0,0,0,0,0),(82,107,11,0,0,0,0,0,0,0,0,0,0,0,0,0),(82,108,11,0,0,0,0,0,0,0,0,0,0,0,0,0),(82,109,11,0,0,0,0,0,0,0,0,0,0,0,0,0),(82,110,11,0,0,0,0,0,0,0,0,0,0,0,0,0),(82,111,11,0,0,0,0,0,0,0,0,0,0,0,0,0),(82,112,11,0,0,0,0,0,0,0,0,0,0,0,0,0),(82,114,11,0,0,0,0,0,0,0,0,0,0,0,0,0),(82,115,11,0,0,0,0,0,0,0,0,0,0,0,0,0),(82,116,11,0,0,0,0,0,0,0,0,0,0,0,0,0),(82,117,11,0,0,0,0,0,0,0,0,0,0,0,0,0),(82,118,11,0,0,0,0,0,0,0,0,0,0,0,0,0),(82,119,11,0,0,0,0,0,0,0,0,0,0,0,0,0),(82,120,11,0,0,0,0,0,0,0,0,0,0,0,0,0),(82,121,11,0,0,0,0,0,0,0,0,0,0,0,0,0),(83,50,11,0,0,0,0,0,0,0,0,0,0,0,0,0),(83,56,11,0,0,0,0,0,0,0,0,0,0,0,0,0),(83,57,11,0,0,0,0,0,0,0,0,0,0,0,0,0),(83,58,11,0,0,0,0,0,0,0,0,0,0,0,0,0),(83,59,11,0,0,0,0,0,0,0,0,0,0,0,0,0),(83,63,11,0,0,0,0,0,0,0,0,0,0,0,0,0),(83,64,11,0,0,0,0,0,0,0,0,0,0,0,0,0),(83,65,11,0,0,0,0,0,0,0,0,0,0,0,0,0),(83,68,11,0,0,0,0,0,0,0,0,0,0,0,0,0),(83,69,11,0,0,0,0,0,0,0,0,0,0,0,0,0),(83,70,11,0,0,0,0,0,0,0,0,0,0,0,0,0),(83,71,11,0,0,0,0,0,0,0,0,0,0,0,0,0),(83,72,11,0,0,0,0,0,0,0,0,0,0,0,0,0),(83,73,11,0,0,0,0,0,0,0,0,0,0,0,0,0),(83,74,11,0,0,0,0,0,0,0,0,0,0,0,0,0),(83,75,11,0,0,0,0,0,0,0,0,0,0,0,0,0),(83,76,11,0,0,0,0,0,0,0,0,0,0,0,0,0),(83,78,11,0,0,0,0,0,0,0,0,0,0,0,0,0),(83,79,11,0,0,0,0,0,0,0,0,0,0,0,0,0),(83,80,11,0,0,0,0,0,0,0,0,0,0,0,0,0),(83,81,11,0,0,0,0,0,0,0,0,0,0,0,0,0),(83,83,11,0,0,0,0,0,0,0,0,0,0,0,0,0),(83,84,11,0,0,0,0,0,0,0,0,0,0,0,0,0),(83,85,11,0,0,0,0,0,0,0,0,0,0,0,0,0),(83,86,11,0,0,0,0,0,0,0,0,0,0,0,0,0),(83,87,11,0,0,0,0,0,0,0,0,0,0,0,0,0),(83,88,11,0,0,0,0,0,0,0,0,0,0,0,0,0),(83,89,11,0,0,0,0,0,0,0,0,0,0,0,0,0),(83,90,11,0,0,0,0,0,0,0,0,0,0,0,0,0),(83,91,11,0,0,0,0,0,0,0,0,0,0,0,0,0),(83,92,11,0,0,0,0,0,0,0,0,0,0,0,0,0),(83,93,11,0,0,0,0,0,0,0,0,0,0,0,0,0),(83,96,11,0,0,0,0,0,0,0,0,0,0,0,0,0),(83,99,11,0,0,0,0,0,0,0,0,0,0,0,0,0),(83,100,11,0,0,0,0,0,0,0,0,0,0,0,0,0),(83,101,11,0,0,0,0,0,0,0,0,0,0,0,0,0),(83,102,11,0,0,0,0,0,0,0,0,0,0,0,0,0),(83,104,11,0,0,0,0,0,0,0,0,0,0,0,0,0),(83,105,11,0,0,0,0,0,0,0,0,0,0,0,0,0),(83,106,11,0,0,0,0,0,0,0,0,0,0,0,0,0),(83,107,11,0,0,0,0,0,0,0,0,0,0,0,0,0),(83,108,11,0,0,0,0,0,0,0,0,0,0,0,0,0),(83,109,11,0,0,0,0,0,0,0,0,0,0,0,0,0),(83,110,11,0,0,0,0,0,0,0,0,0,0,0,0,0),(83,111,11,0,0,0,0,0,0,0,0,0,0,0,0,0),(83,112,11,0,0,0,0,0,0,0,0,0,0,0,0,0),(83,114,11,0,0,0,0,0,0,0,0,0,0,0,0,0),(83,115,11,0,0,0,0,0,0,0,0,0,0,0,0,0),(83,116,11,0,0,0,0,0,0,0,0,0,0,0,0,0),(83,117,11,0,0,0,0,0,0,0,0,0,0,0,0,0),(83,118,11,0,0,0,0,0,0,0,0,0,0,0,0,0),(83,119,11,0,0,0,0,0,0,0,0,0,0,0,0,0),(83,120,11,0,0,0,0,0,0,0,0,0,0,0,0,0),(83,121,11,0,0,0,0,0,0,0,0,0,0,0,0,0),(84,50,11,0,0,0,0,0,0,0,0,0,0,0,0,0),(84,56,11,0,0,0,0,0,0,0,0,0,0,0,0,0),(84,57,11,0,0,0,0,0,0,0,0,0,0,0,0,0),(84,58,11,0,0,0,0,0,0,0,0,0,0,0,0,0),(84,59,11,0,0,0,0,0,0,0,0,0,0,0,0,0),(84,63,11,0,0,0,0,0,0,0,0,0,0,0,0,0),(84,64,11,0,0,0,0,0,0,0,0,0,0,0,0,0),(84,65,11,0,0,0,0,0,0,0,0,0,0,0,0,0),(84,68,11,0,0,0,0,0,0,0,0,0,0,0,0,0),(84,69,11,0,0,0,0,0,0,0,0,0,0,0,0,0),(84,70,11,0,0,0,0,0,0,0,0,0,0,0,0,0),(84,71,11,0,0,0,0,0,0,0,0,0,0,0,0,0),(84,72,11,0,0,0,0,0,0,0,0,0,0,0,0,0),(84,73,11,0,0,0,0,0,0,0,0,0,0,0,0,0),(84,74,11,0,0,0,0,0,0,0,0,0,0,0,0,0),(84,75,11,0,0,0,0,0,0,0,0,0,0,0,0,0),(84,76,11,0,0,0,0,0,0,0,0,0,0,0,0,0),(84,78,11,0,0,0,0,0,0,0,0,0,0,0,0,0),(84,79,11,0,0,0,0,0,0,0,0,0,0,0,0,0),(84,80,11,0,0,0,0,0,0,0,0,0,0,0,0,0),(84,81,11,0,0,0,0,0,0,0,0,0,0,0,0,0),(84,83,11,0,0,0,0,0,0,0,0,0,0,0,0,0),(84,84,11,0,0,0,0,0,0,0,0,0,0,0,0,0),(84,85,11,0,0,0,0,0,0,0,0,0,0,0,0,0),(84,86,11,0,0,0,0,0,0,0,0,0,0,0,0,0),(84,87,11,0,0,0,0,0,0,0,0,0,0,0,0,0),(84,88,11,0,0,0,0,0,0,0,0,0,0,0,0,0),(84,89,11,0,0,0,0,0,0,0,0,0,0,0,0,0),(84,90,11,0,0,0,0,0,0,0,0,0,0,0,0,0),(84,91,11,0,0,0,0,0,0,0,0,0,0,0,0,0),(84,92,11,0,0,0,0,0,0,0,0,0,0,0,0,0),(84,93,11,0,0,0,0,0,0,0,0,0,0,0,0,0),(84,96,11,0,0,0,0,0,0,0,0,0,0,0,0,0),(84,99,11,0,0,0,0,0,0,0,0,0,0,0,0,0),(84,100,11,0,0,0,0,0,0,0,0,0,0,0,0,1),(84,101,11,0,0,0,0,0,0,0,0,0,0,0,0,0),(84,102,11,0,0,0,0,0,0,0,0,0,0,0,0,0),(84,104,11,0,0,0,0,0,0,0,0,0,0,0,0,0),(84,105,11,0,0,0,0,0,0,0,0,0,0,0,0,0),(84,106,11,0,0,0,0,0,0,0,0,0,0,0,0,0),(84,107,11,0,0,0,0,0,0,0,0,0,0,0,0,0),(84,108,11,0,0,0,0,0,0,0,0,0,0,0,0,0),(84,109,11,0,0,0,0,0,0,0,0,0,0,0,0,0),(84,110,11,0,0,0,0,0,0,0,0,0,0,0,0,0),(84,111,11,0,0,0,0,0,0,0,0,0,0,0,0,0),(84,112,11,0,0,0,0,0,0,0,0,0,0,0,0,0),(84,114,11,0,0,0,0,0,0,0,0,0,0,0,0,0),(84,115,11,0,0,0,0,0,0,0,0,0,0,0,0,0),(84,116,11,0,0,0,0,0,0,0,0,0,0,0,0,0),(84,117,11,0,0,0,0,0,0,0,0,0,0,0,0,0),(84,118,11,0,0,0,0,0,0,0,0,0,0,0,0,0),(84,119,11,0,0,0,0,0,0,0,0,0,0,0,0,0),(84,120,11,0,0,0,0,0,0,0,0,0,0,0,0,0),(84,121,11,0,0,0,0,0,0,0,0,0,0,0,0,0),(85,50,11,0,0,0,0,0,0,0,0,0,0,0,0,0),(85,56,11,0,0,0,0,0,0,0,0,0,0,0,0,0),(85,57,11,0,0,0,0,0,0,0,0,0,0,0,0,0),(85,58,11,0,0,0,0,0,0,0,0,0,0,0,0,0),(85,59,11,0,0,0,0,0,0,0,0,0,0,0,0,0),(85,63,11,0,0,0,0,0,0,0,0,0,0,0,0,0),(85,64,11,0,0,0,0,0,0,0,0,0,0,0,0,0),(85,65,11,0,0,0,0,0,0,0,0,0,0,0,0,0),(85,68,11,0,0,0,0,0,0,0,0,0,0,0,0,0),(85,69,11,0,0,0,0,0,0,0,0,0,0,0,0,0),(85,70,11,0,0,0,0,0,0,0,0,0,0,0,0,0),(85,71,11,0,0,0,0,0,0,0,0,0,0,0,0,0),(85,72,11,0,0,0,0,0,0,0,0,0,0,0,0,0),(85,73,11,0,0,0,0,0,0,0,0,0,0,0,0,0),(85,74,11,0,0,0,0,0,0,0,0,0,0,0,0,0),(85,75,11,0,0,0,0,0,0,0,0,0,0,0,0,0),(85,76,11,0,0,0,0,0,0,0,0,0,0,0,0,0),(85,78,11,0,0,0,0,0,0,0,0,0,0,0,0,0),(85,79,11,0,0,0,0,0,0,0,0,0,0,0,0,0),(85,80,11,0,0,0,0,0,0,0,0,0,0,0,0,0),(85,81,11,0,0,0,0,0,0,0,0,0,0,0,0,0),(85,83,11,0,0,0,0,0,0,0,0,0,0,0,0,0),(85,84,11,0,0,0,0,0,0,0,0,0,0,0,0,0),(85,85,11,0,0,0,0,0,0,0,0,0,0,0,0,0),(85,86,11,0,0,0,0,0,0,0,0,0,0,0,0,0),(85,87,11,0,0,0,0,0,0,0,0,0,0,0,0,0),(85,88,11,0,0,0,0,0,0,0,0,0,0,0,0,0),(85,89,11,0,0,0,0,0,0,0,0,0,0,0,0,0),(85,90,11,0,0,0,0,0,0,0,0,0,0,0,0,0),(85,91,11,0,0,0,0,0,0,0,0,0,0,0,0,0),(85,92,11,0,0,0,0,0,0,0,0,0,0,0,0,0),(85,93,11,0,0,0,0,0,0,0,0,0,0,0,0,0),(85,96,11,0,0,0,0,0,0,0,0,0,0,0,0,0),(85,99,11,0,0,0,0,0,0,0,0,0,0,0,0,0),(85,100,11,0,0,0,0,0,0,0,0,0,0,0,0,0),(85,101,11,0,0,0,0,0,0,0,0,0,0,0,0,0),(85,102,11,0,0,0,0,0,0,0,0,0,0,0,0,0),(85,104,11,0,0,0,0,0,0,0,0,0,0,0,0,0),(85,105,11,0,0,0,0,0,0,0,0,0,0,0,0,0),(85,106,11,0,0,0,0,0,0,0,0,0,0,0,0,0),(85,107,11,0,0,0,0,0,0,0,0,0,0,0,0,0),(85,108,11,0,0,0,0,0,0,0,0,0,0,0,0,0),(85,109,11,0,0,0,0,0,0,0,0,0,0,0,0,0),(85,110,11,0,0,0,0,0,0,0,0,0,0,0,0,0),(85,111,11,0,0,0,0,0,0,0,0,0,0,0,0,0),(85,112,11,0,0,0,0,0,0,0,0,0,0,0,0,0),(85,114,11,0,0,0,0,0,0,0,0,0,0,0,0,0),(85,115,11,0,0,0,0,0,0,0,0,0,0,0,0,0),(85,116,11,0,0,0,0,0,0,0,0,0,0,0,0,0),(85,117,11,0,0,0,0,0,0,0,0,0,0,0,0,0),(85,118,11,0,0,0,0,0,0,0,0,0,0,0,0,0),(85,119,11,0,0,0,0,0,0,0,0,0,0,0,0,0),(85,120,11,0,0,0,0,0,0,0,0,0,0,0,0,0),(85,121,11,0,0,0,0,0,0,0,0,0,0,0,0,0),(86,50,11,0,0,0,0,0,0,0,0,0,0,0,0,0),(86,56,11,0,0,0,0,0,0,0,0,0,0,0,0,0),(86,57,11,0,0,0,0,0,0,0,0,0,0,0,0,0),(86,58,11,0,0,0,0,0,0,0,0,0,0,0,0,0),(86,59,11,0,0,0,0,0,0,0,0,0,0,0,0,0),(86,63,11,0,0,0,0,0,0,0,0,0,0,0,0,0),(86,64,11,0,0,0,0,0,0,0,0,0,0,0,0,0),(86,65,11,0,0,0,0,0,0,0,0,0,0,0,0,0),(86,68,11,0,0,0,0,0,0,0,0,0,0,0,0,0),(86,69,11,0,0,0,0,0,0,0,0,0,0,0,0,0),(86,70,11,0,0,0,0,0,0,0,0,0,0,0,0,0),(86,71,11,0,0,0,0,0,0,0,0,0,0,0,0,0),(86,72,11,0,0,0,0,0,0,0,0,0,0,0,0,0),(86,73,11,0,0,0,0,0,0,0,0,0,0,0,0,0),(86,74,11,0,0,0,0,0,0,0,0,0,0,0,0,0),(86,75,11,0,0,0,0,0,0,0,0,0,0,0,0,0),(86,76,11,0,0,0,0,0,0,0,0,0,0,0,0,0),(86,78,11,0,0,0,0,0,0,0,0,0,0,0,0,0),(86,79,11,0,0,0,0,0,0,0,0,0,0,0,0,0),(86,80,11,0,0,0,0,0,0,0,0,0,0,0,0,0),(86,81,11,0,0,0,0,0,0,0,0,0,0,0,0,0),(86,83,11,0,0,0,0,0,0,0,0,0,0,0,0,0),(86,84,11,0,0,0,0,0,0,0,0,0,0,0,0,0),(86,85,11,0,0,0,0,0,0,0,0,0,0,0,0,0),(86,86,11,0,0,0,0,0,0,0,0,0,0,0,0,0),(86,87,11,0,0,0,0,0,0,0,0,0,0,0,0,0),(86,88,11,0,0,0,0,0,0,0,0,0,0,0,0,0),(86,89,11,0,0,0,0,0,0,0,0,0,0,0,0,0),(86,90,11,0,0,0,0,0,0,0,0,0,0,0,0,0),(86,91,11,0,0,0,0,0,0,0,0,0,0,0,0,0),(86,92,11,0,0,0,0,0,0,0,0,0,0,0,0,0),(86,93,11,0,0,0,0,0,0,0,0,0,0,0,0,0),(86,96,11,0,0,0,0,0,0,0,0,0,0,0,0,0),(86,99,11,0,0,0,0,0,0,0,0,0,0,0,0,0),(86,100,11,0,0,0,0,0,0,0,0,0,0,0,0,0),(86,101,11,0,0,0,0,0,0,0,0,0,0,0,0,0),(86,102,11,0,0,0,0,0,0,0,0,0,0,0,0,0),(86,104,11,0,0,0,0,0,0,0,0,0,0,0,0,0),(86,105,11,0,0,0,0,0,0,0,0,0,0,0,0,0),(86,106,11,0,0,0,0,0,0,0,0,0,0,0,0,0),(86,107,11,0,0,0,0,0,0,0,0,0,0,0,0,0),(86,108,11,0,0,0,0,0,0,0,0,0,0,0,0,0),(86,109,11,0,0,0,0,0,0,0,0,0,0,0,0,0),(86,110,11,0,0,0,0,0,0,0,0,0,0,0,0,0),(86,111,11,0,0,0,0,0,0,0,0,0,0,0,0,0),(86,112,11,0,0,0,0,0,0,0,0,0,0,0,0,0),(86,114,11,0,0,0,0,0,0,0,0,0,0,0,0,0),(86,115,11,0,0,0,0,0,0,0,0,0,0,0,0,0),(86,116,11,0,0,0,0,0,0,0,0,0,0,0,0,0),(86,117,11,0,0,0,0,0,0,0,0,0,0,0,0,0),(86,118,11,0,0,0,0,0,0,0,0,0,0,0,0,0),(86,119,11,0,0,0,0,0,0,0,0,0,0,0,0,0),(86,120,11,0,0,0,0,0,0,0,0,0,0,0,0,0),(86,121,11,0,0,0,0,0,0,0,0,0,0,0,0,0),(87,50,11,0,0,0,0,0,0,0,0,0,0,0,0,0),(87,56,11,0,0,0,0,0,0,0,0,0,0,0,0,0),(87,57,11,0,0,0,0,0,0,0,0,0,0,0,0,0),(87,58,11,0,0,0,0,0,0,0,0,0,0,0,0,0),(87,59,11,0,0,0,0,0,0,0,0,0,0,0,0,0),(87,63,11,0,0,0,0,0,0,0,0,0,0,0,0,0),(87,64,11,0,0,0,0,0,0,0,0,0,0,0,0,0),(87,65,11,0,0,0,0,0,0,0,0,0,0,0,0,0),(87,68,11,0,0,0,0,0,0,0,0,0,0,0,0,0),(87,69,11,0,0,0,0,0,0,0,0,0,0,0,0,0),(87,70,11,0,0,0,0,0,0,0,0,0,0,0,0,0),(87,71,11,0,0,0,0,0,0,0,0,0,0,0,0,0),(87,72,11,0,0,0,0,0,0,0,0,0,0,0,0,0),(87,73,11,0,0,0,0,0,0,0,0,0,0,0,0,0),(87,74,11,0,0,0,0,0,0,0,0,0,0,0,0,0),(87,75,11,0,0,0,0,0,0,0,0,0,0,0,0,0),(87,76,11,0,0,0,0,0,0,0,0,0,0,0,0,0),(87,78,11,0,0,0,0,0,0,0,0,0,0,0,0,0),(87,79,11,0,0,0,0,0,0,0,0,0,0,0,0,0),(87,80,11,0,0,0,0,0,0,0,0,0,0,0,0,0),(87,81,11,0,0,0,0,0,0,0,0,0,0,0,0,0),(87,83,11,0,0,0,0,0,0,0,0,0,0,0,0,0),(87,84,11,0,0,0,0,0,0,0,0,0,0,0,0,0),(87,85,11,0,0,0,0,0,0,0,0,0,0,0,0,0),(87,86,11,0,0,0,0,0,0,0,0,0,0,0,0,0),(87,87,11,0,0,0,0,0,0,0,0,0,0,0,0,0),(87,88,11,0,0,0,0,0,0,0,0,0,0,0,0,0),(87,89,11,0,0,0,0,0,0,0,0,0,0,0,0,0),(87,90,11,0,0,0,0,0,0,0,0,0,0,0,0,0),(87,91,11,0,0,0,0,0,0,0,0,0,0,0,0,0),(87,92,11,0,0,0,0,0,0,0,0,0,0,0,0,0),(87,93,11,0,0,0,0,0,0,0,0,0,0,0,0,0),(87,96,11,0,0,0,0,0,0,0,0,0,0,0,0,0),(87,99,11,0,0,0,0,0,0,0,0,0,0,0,0,0),(87,100,11,0,0,0,0,0,0,0,0,0,0,0,0,0),(87,101,11,0,0,0,0,0,0,0,0,0,0,0,0,0),(87,102,11,0,0,0,0,0,0,0,0,0,0,0,0,0),(87,104,11,0,0,0,0,0,0,0,0,0,0,0,0,0),(87,105,11,0,0,0,0,0,0,0,0,0,0,0,0,0),(87,106,11,0,0,0,0,0,0,0,0,0,0,0,0,0),(87,107,11,0,0,0,0,0,0,0,0,0,0,0,0,0),(87,108,11,0,0,0,0,0,0,0,0,0,0,0,0,0),(87,109,11,0,0,0,0,0,0,0,0,0,0,0,0,0),(87,110,11,0,0,0,0,0,0,0,0,0,0,0,0,0),(87,111,11,0,0,0,0,0,0,0,0,0,0,0,0,0),(87,112,11,0,0,0,0,0,0,0,0,0,0,0,0,0),(87,114,11,0,0,0,0,0,0,0,0,0,0,0,0,0),(87,115,11,0,0,0,0,0,0,0,0,0,0,0,0,0),(87,116,11,0,0,0,0,0,0,0,0,0,0,0,0,0),(87,117,11,0,0,0,0,0,0,0,0,0,0,0,0,0),(87,118,11,0,0,0,0,0,0,0,0,0,0,0,0,0),(87,119,11,0,0,0,0,0,0,0,0,0,0,0,0,0),(87,120,11,0,0,0,0,0,0,0,0,0,0,0,0,0),(87,121,11,0,0,0,0,0,0,0,0,0,0,0,0,0),(88,50,11,0,0,0,0,0,0,0,0,0,0,0,0,0),(88,56,11,0,0,0,0,0,0,0,0,0,0,0,0,0),(88,57,11,0,0,0,0,0,0,0,0,0,0,0,0,0),(88,58,11,0,0,0,0,0,0,0,0,0,0,0,0,0),(88,59,11,0,0,0,0,0,0,0,0,0,0,0,0,0),(88,63,11,0,0,0,0,0,0,0,0,0,0,0,0,0),(88,64,11,0,0,0,0,0,0,0,0,0,0,0,0,0),(88,65,11,0,0,0,0,0,0,0,0,0,0,0,0,0),(88,68,11,0,0,0,0,0,0,0,0,0,0,0,0,0),(88,69,11,0,0,0,0,0,0,0,0,0,0,0,0,0),(88,70,11,0,0,0,0,0,0,0,0,0,0,0,0,0),(88,71,11,0,0,0,0,0,0,0,0,0,0,0,0,0),(88,72,11,0,0,0,0,0,0,0,0,0,0,0,0,0),(88,73,11,0,0,0,0,0,0,0,0,0,0,0,0,0),(88,74,11,0,0,0,0,0,0,0,0,0,0,0,0,0),(88,75,11,0,0,0,0,0,0,0,0,0,0,0,0,0),(88,76,11,0,0,0,0,0,0,0,0,0,0,0,0,0),(88,78,11,0,0,0,0,0,0,0,0,0,0,0,0,0),(88,79,11,0,0,0,0,0,0,0,0,0,0,0,0,0),(88,80,11,0,0,0,0,0,0,0,0,0,0,0,0,0),(88,81,11,0,0,0,0,0,0,0,0,0,0,0,0,0),(88,83,11,0,0,0,0,0,0,0,0,0,0,0,0,0),(88,84,11,0,0,0,0,0,0,0,0,0,0,0,0,0),(88,85,11,0,0,0,0,0,0,0,0,0,0,0,0,0),(88,86,11,0,0,0,0,0,0,0,0,0,0,0,0,0),(88,87,11,0,0,0,0,0,0,0,0,0,0,0,0,0),(88,88,11,0,0,0,0,0,0,0,0,0,0,0,0,0),(88,89,11,0,0,0,0,0,0,0,0,0,0,0,0,0),(88,90,11,0,0,0,0,0,0,0,0,0,0,0,0,0),(88,91,11,0,0,0,0,0,0,0,0,0,0,0,0,0),(88,92,11,0,0,0,0,0,0,0,0,0,0,0,0,0),(88,93,11,0,0,0,0,0,0,0,0,0,0,0,0,0),(88,96,11,0,0,0,0,0,0,0,0,0,0,0,0,0),(88,99,11,0,0,0,0,0,0,0,0,0,0,0,0,0),(88,100,11,0,0,0,0,0,0,0,0,0,0,0,0,0),(88,101,11,0,0,0,0,0,0,0,0,0,0,0,0,0),(88,102,11,0,0,0,0,0,0,0,0,0,0,0,0,0),(88,104,11,0,0,0,0,0,0,0,0,0,0,0,0,0),(88,105,11,0,0,0,0,0,0,0,0,0,0,0,0,0),(88,106,11,0,0,0,0,0,0,0,0,0,0,0,0,0),(88,107,11,0,0,0,0,0,0,0,0,0,0,0,0,0),(88,108,11,0,0,0,0,0,0,0,0,0,0,0,0,0),(88,109,11,0,0,0,0,0,0,0,0,0,0,0,0,0),(88,110,11,0,0,0,0,0,0,0,0,0,0,0,0,0),(88,111,11,0,0,0,0,0,0,0,0,0,0,0,0,0),(88,112,11,0,0,0,0,0,0,0,0,0,0,0,0,0),(88,114,11,0,0,0,0,0,0,0,0,0,0,0,0,0),(88,115,11,0,0,0,0,0,0,0,0,0,0,0,0,0),(88,116,11,0,0,0,0,0,0,0,0,0,0,0,0,0),(88,117,11,0,0,0,0,0,0,0,0,0,0,0,0,0),(88,118,11,0,0,0,0,0,0,0,0,0,0,0,0,0),(88,119,11,0,0,0,0,0,0,0,0,0,0,0,0,0),(88,120,11,0,0,0,0,0,0,0,0,0,0,0,0,0),(88,121,11,0,0,0,0,0,0,0,0,0,0,0,0,0);
/*!40000 ALTER TABLE `plays_in` ENABLE KEYS */;
UNLOCK TABLES;

--
-- Table structure for table `team`
--

DROP TABLE IF EXISTS `team`;
/*!40101 SET @saved_cs_client     = @@character_set_client */;
/*!40101 SET character_set_client = utf8 */;
CREATE TABLE `team` (
  `team_id` int(11) NOT NULL AUTO_INCREMENT,
  `name` varchar(64) NOT NULL,
  `nickname` varchar(64) NOT NULL,
  PRIMARY KEY (`team_id`),
  UNIQUE KEY `team_id` (`team_id`)
) ENGINE=InnoDB AUTO_INCREMENT=31 DEFAULT CHARSET=utf8;
/*!40101 SET character_set_client = @saved_cs_client */;

--
-- Dumping data for table `team`
--

LOCK TABLES `team` WRITE;
/*!40000 ALTER TABLE `team` DISABLE KEYS */;
INSERT INTO `team` VALUES (1,'Boston','Celtics'),(2,'Brooklyn','Nets'),(3,'New York','Knicks'),(4,'Philadelphia','76ers'),(5,'Toronto','Raptors'),(6,'Chicago','Bulls'),(7,'Cleveland','Cavaliers'),(8,'Detroit','Pistons'),(9,'Indiana','Pacers'),(10,'Milwaukee','Bucks'),(11,'Atlanta','Hawks'),(12,'Charlotte','Bobcats'),(13,'Miami','Heat'),(14,'Orlando','Magic'),(15,'Washington','Wizards'),(16,'Dallas','Mavericks'),(17,'Houston','Rockets'),(18,'Memphis','Grizzlies'),(19,'New Orleans','Pelicans'),(20,'San Antonio','Spurs'),(21,'Denver','Nuggets'),(22,'Minnesota','Timberwolves'),(23,'Portland Trail','Blazers'),(24,'Oklahoma City','Thunder'),(25,'Utah','Jazz'),(26,'Golden State','Warriors'),(27,'Los Angeles','Clippers'),(28,'Los Angeles','Lakers'),(29,'Phoenix','Suns'),(30,'Sacramento','Kings');
/*!40000 ALTER TABLE `team` ENABLE KEYS */;
UNLOCK TABLES;
/*!40103 SET TIME_ZONE=@OLD_TIME_ZONE */;

/*!40101 SET SQL_MODE=@OLD_SQL_MODE */;
/*!40014 SET FOREIGN_KEY_CHECKS=@OLD_FOREIGN_KEY_CHECKS */;
/*!40014 SET UNIQUE_CHECKS=@OLD_UNIQUE_CHECKS */;
/*!40101 SET CHARACTER_SET_CLIENT=@OLD_CHARACTER_SET_CLIENT */;
/*!40101 SET CHARACTER_SET_RESULTS=@OLD_CHARACTER_SET_RESULTS */;
/*!40101 SET COLLATION_CONNECTION=@OLD_COLLATION_CONNECTION */;
/*!40111 SET SQL_NOTES=@OLD_SQL_NOTES */;

-- Dump completed on 2013-12-24 20:03:10
