use rempatri_p4_10rempatrick_com;

-- MySQL dump 10.13  Distrib 5.5.29, for osx10.6 (i386)
--
-- Host: localhost    Database: rempatri_p4_10rempatrick_com
-- ------------------------------------------------------
-- Server version	5.5.29

/*!40101 SET @OLD_CHARACTER_SET_CLIENT=@@CHARACTER_SET_CLIENT */;
/*!40101 SET @OLD_CHARACTER_SET_RESULTS=@@CHARACTER_SET_RESULTS */;
/*!40101 SET @OLD_COLLATION_CONNECTION=@@COLLATION_CONNECTION */;
/*!40101 SET NAMES utf8 */;
/*!40103 SET @OLD_TIME_ZONE=@@TIME_ZONE */;
/*!40103 SET TIME_ZONE='+00:00' */;
/*!40014 SET @OLD_UNIQUE_CHECKS=@@UNIQUE_CHECKS, UNIQUE_CHECKS=0 */;
/*!40014 SET @OLD_FOREIGN_KEY_CHECKS=@@FOREIGN_KEY_CHECKS, FOREIGN_KEY_CHECKS=0 */;
/*!40101 SET @OLD_SQL_MODE=@@SQL_MODE, SQL_MODE='NO_AUTO_VALUE_ON_ZERO' */;
/*!40111 SET @OLD_SQL_NOTES=@@SQL_NOTES, SQL_NOTES=0 */;

--
-- Table structure for table `game`
--

DROP TABLE IF EXISTS `game`;
/*!40101 SET @saved_cs_client     = @@character_set_client */;
/*!40101 SET character_set_client = utf8 */;
CREATE TABLE `game` (
  `game_id` int(11) NOT NULL AUTO_INCREMENT,
  `home` int(11) NOT NULL,
  `away` int(11) NOT NULL,
  `created` int(11) NOT NULL,
  `cur_per` tinyint(4) NOT NULL DEFAULT '1',
  PRIMARY KEY (`game_id`),
  UNIQUE KEY `game_id` (`game_id`),
  KEY `home` (`home`),
  KEY `away` (`away`),
  CONSTRAINT `game_ibfk_1` FOREIGN KEY (`home`) REFERENCES `team` (`team_id`),
  CONSTRAINT `game_ibfk_2` FOREIGN KEY (`away`) REFERENCES `team` (`team_id`)
) ENGINE=InnoDB AUTO_INCREMENT=132 DEFAULT CHARSET=utf8;
/*!40101 SET character_set_client = @saved_cs_client */;

--
-- Dumping data for table `game`
--

LOCK TABLES `game` WRITE;
/*!40000 ALTER TABLE `game` DISABLE KEYS */;
INSERT INTO `game` VALUES (7,7,8,1387103845,1),(8,9,10,1387104497,1),(9,11,12,1387129929,1),(10,14,15,1387137682,1),(11,16,17,1387137717,1),(12,18,19,1387137868,1),(13,20,21,1387137885,1),(14,22,23,1387139108,1),(15,24,25,1387139169,1),(16,26,27,1387139194,1),(17,28,29,1387139212,1),(18,30,31,1387139320,1),(19,32,33,1387139489,1),(20,34,35,1387139512,1),(21,36,37,1387139534,1),(22,38,39,1387139618,1),(23,40,41,1387139646,1),(24,42,43,1387139695,1),(25,44,45,1387139823,1),(26,46,47,1387140103,1),(27,1,2,1387140530,1),(29,1,2,1387141337,1),(30,1,2,1387141417,1),(31,1,2,1387141967,1),(39,7,2,1387152015,1),(40,12,16,1387152029,1),(41,1,18,0,1),(42,1,12,1387155394,1),(43,1,2,1387203182,1),(44,11,12,1387203704,1),(45,11,6,1387205511,1),(46,11,6,1387556208,1),(47,1,2,1387564691,1),(48,11,1,1387565461,1),(49,11,1,1387566278,1),(50,11,1,1387566325,1),(51,1,2,1387588348,1),(52,1,2,1387589628,1),(53,1,11,1387589636,1),(54,1,11,1387589653,1),(55,1,11,1387589691,1),(56,1,11,1387589739,1),(57,1,11,1387589781,1),(58,11,1,1387589888,1),(59,11,1,1387589950,1),(60,1,2,1387590681,1),(61,1,2,1387590692,1),(62,1,2,1387590697,1),(63,11,1,1387590704,1),(64,11,1,1387590710,1),(65,11,1,1387590734,1),(66,1,6,1387590791,1),(67,1,6,1387590810,1),(68,11,11,1387591138,1),(69,11,1,1387591145,1),(70,11,1,1387591221,1),(71,11,1,1387591275,1),(72,11,1,1387591278,1),(73,11,6,1387591294,1),(74,11,1,1387591335,1),(75,11,1,1387591715,1),(76,11,1,1387639203,1),(77,11,1,1387639751,1),(78,11,1,1387639788,1),(79,11,1,1387639844,1),(80,11,2,1387639941,1),(81,11,2,1387640568,1),(82,1,2,1387640771,1),(83,11,12,1387640866,1),(84,11,12,1387640928,1),(85,11,2,1387641201,1),(86,11,1,1387641409,1),(87,11,1,1387641464,1),(88,11,2,1387641795,1),(89,11,12,1387641834,1),(90,11,12,1387641932,1),(91,12,11,1387642205,1),(92,11,2,1387642244,1),(93,2,11,1387642743,1),(94,1,6,1387666273,1),(95,1,2,1387729310,1),(96,11,12,1387733921,1),(97,1,2,1387745627,1),(98,12,1,1387757243,1),(99,11,1,1387851124,4),(100,11,6,1387898438,3),(101,11,11,1387930869,1),(102,11,11,1387933071,1),(103,11,11,1387933185,1),(104,11,11,1387933302,1),(105,11,2,1387934594,1),(106,11,2,1387934620,1),(107,11,11,1387934925,1),(108,11,2,1387934929,1),(109,11,11,1387935578,1),(110,11,2,1387935583,1),(111,11,11,1387935616,1),(112,11,12,1387935620,1),(114,11,11,1387935710,1),(115,11,11,1387935750,1),(116,11,11,1387935855,1),(117,11,11,1387936137,1),(118,11,1,1387936297,1),(119,11,1,1387936570,1),(120,11,24,1387936645,1),(121,11,6,1387936657,1),(122,11,2,1387947678,1),(123,2,6,1387983969,1),(124,1,12,1388014942,1),(125,12,7,1388018534,1),(126,2,1,1388019046,4),(127,11,7,1388019878,2),(128,15,25,1388025421,1),(129,5,25,1388025434,1),(130,30,7,1388026465,1),(131,15,25,1388026475,1);
/*!40000 ALTER TABLE `game` ENABLE KEYS */;
UNLOCK TABLES;

--
-- Table structure for table `player`
--

DROP TABLE IF EXISTS `player`;
/*!40101 SET @saved_cs_client     = @@character_set_client */;
/*!40101 SET character_set_client = utf8 */;
CREATE TABLE `player` (
  `player_id` int(11) NOT NULL AUTO_INCREMENT,
  `team` int(11) NOT NULL,
  `last_name` varchar(64) NOT NULL,
  `first_name` varchar(32) NOT NULL,
  `jersey` char(2) NOT NULL,
  `pos` enum('SG','SF','C','SG','PG','PF') NOT NULL,
  PRIMARY KEY (`player_id`),
  UNIQUE KEY `player_id` (`player_id`),
  UNIQUE KEY `last_name` (`last_name`,`first_name`,`jersey`,`team`),
  UNIQUE KEY `last_name_2` (`last_name`,`first_name`,`jersey`,`team`),
  KEY `team` (`team`),
  CONSTRAINT `player_ibfk_1` FOREIGN KEY (`team`) REFERENCES `team` (`team_id`)
) ENGINE=InnoDB AUTO_INCREMENT=610 DEFAULT CHARSET=utf8;
/*!40101 SET character_set_client = @saved_cs_client */;

--
-- Dumping data for table `player`
--

LOCK TABLES `player` WRITE;
/*!40000 ALTER TABLE `player` DISABLE KEYS */;
INSERT INTO `player` VALUES (1,7,'Bennett','Anthony','15','SF'),(2,7,'Bynum','Andrew','21','C'),(3,7,'Clark','Earl','6','SF'),(4,7,'Dellavedova','Matthew','9','SG'),(5,7,'Felix','Carrick','30','SG'),(6,7,'Gee','Alonzo','33','SF'),(7,7,'Irving','Kyrie','2','PG'),(8,7,'Jack','Jarrett','1','PG'),(9,7,'Karasev','Sergey','10','SG'),(10,7,'Miles','C.J.','0','SG'),(11,7,'Sims','Henry','14','C'),(12,7,'Thompson','Tristan','13','PF'),(13,7,'Varejao','Anderson','17','C'),(14,7,'Waiters','Dion','3','SG'),(15,7,'Zeller','Tyler','40','C'),(16,1,'Bass','Brandon','30','PF'),(17,1,'Bogans','Keith','4','SG'),(18,1,'Bradley','Avery','0','PG'),(19,1,'Brooks','MarShon','12','SG'),(20,1,'Crawford','Jordan','27','SG'),(21,1,'Faverani','Vitor','38','C'),(22,1,'Green','Jeff','8','SG'),(23,1,'Humphries','Kris','43','PF'),(24,1,'Lee','Courtney','11','SG'),(25,1,'Olynyk','Kelly','41','C'),(26,1,'Pressey','Phil','26','PG'),(27,1,'Rondo','Rajon','9','PG'),(28,1,'Sullinger','Jared','7','PF'),(29,1,'Wallace','Gerald','45','SF'),(30,2,'Anderson','Alan','6','SG'),(31,2,'Blatche','Andray','0','C'),(32,2,'Evans','Reggie','30','PF'),(33,2,'Garnett','Kevin','2','PF'),(34,2,'Johnson','Joe','7','SG'),(35,2,'Kirilenko','Andrei','47','SF'),(36,2,'Livingston','Shaun','14','PG'),(37,2,'Lopez','Brook','11','C'),(38,2,'Pierce','Paul','34','SF'),(39,2,'Plumlee','Mason','1','PF'),(40,2,'Shengelia','Tornike','20','SF'),(41,2,'Taylor','Tyshawn','10','PG'),(42,2,'Teletovic','Mirza','33','PF'),(43,2,'Terry','Jason','31','SG'),(44,2,'Williams','Deron','8','PG'),(45,6,'Augustin','D.J.','14','PG'),(46,6,'Boozer','Carlos','5','PF'),(47,6,'Butler','Jimmy','21','SG'),(48,6,'Deng','Luol','9','SF'),(49,6,'Dunleavy','Mike','34','SF'),(50,6,'Gibson','Taj','22','PF'),(51,6,'Hinrich','Kirk','12','SG'),(52,6,'James','Mike','8','PG'),(53,6,'Mohammed','Nazr','48','C'),(54,6,'Murphy','Erik','31','PF'),(55,6,'Noah','Joakim','13','C'),(56,6,'Rose','Derrick','1','PG'),(57,6,'Snell','Tony','20','SF'),(58,6,'Teague','Marquis','25','PG'),(59,12,'Adrien','Jeff','4','PF'),(60,12,'Biyombo','Bismack','0','C'),(61,12,'Douglas-Roberts','Chris','17','SG'),(62,12,'Gordon','Ben','8','SG'),(63,12,'Haywood','Brendan','33','C'),(64,12,'Henderson','Gerald','9','SG'),(65,12,'Jefferson','Al','25','C'),(66,12,'Kidd-Gilchrist','Michael','14','SF'),(67,12,'McRoberts','Josh','11','PF'),(68,12,'Pargo','Jannero','5','PG'),(69,12,'Sessions','Ramon','7','PG'),(70,12,'Taylor','Jeff','44','SG'),(71,12,'Tolliver','Anthony','43','PF'),(72,12,'Walker','Kemba','15','PG'),(73,12,'Zeller','Cody','40','C'),(74,11,'Antic','Pero','6','C'),(75,11,'Ayon','Gustavo','14','PF'),(76,11,'Brand','Elton','42','PF'),(77,11,'Carroll','DeMarre','5','SF'),(78,11,'Cunningham','Jared','7','SG'),(79,11,'Horford','Al','15','C'),(80,11,'Jenkins','John','12','SG'),(81,11,'Korver','Kyle','26','SG'),(82,11,'Mack','Shelvin','8','PG'),(83,11,'Martin','Cartier','20','SF'),(84,11,'Millsap','Paul','4','PF'),(85,11,'Schroder','Dennis','17','PG'),(86,11,'Scott','Mike','32','PF'),(87,11,'Teague','Jeff','0','PG'),(88,11,'Williams','Louis','3','SG'),(89,1,'CrawfordSG','Jordan','27',''),(92,13,'Allen','Ray','34','SG'),(93,13,'Andersen','Chris','11','PF'),(94,13,'Anthony','Joel','50','C'),(95,13,'Battier','Shane','31','SF'),(96,13,'Beasley','Michael','8','SF'),(97,13,'Bosh','Chris','1','C'),(98,13,'Chalmers','Mario','15','PG'),(99,13,'Cole','Norris','30','PG'),(100,13,'Haslem','Udonis','40','PF'),(101,13,'James','LeBron','6','SF'),(102,13,'Jones','James','22','SF'),(103,13,'Lewis','Rashard','9','PF'),(104,13,'Mason','Roger','21',''),(105,13,'Oden','Greg','20','C'),(106,13,'Wade','Dwyane','3','SG'),(107,23,'Aldridge','LaMarcus','12','PF'),(108,23,'Barton','Will','5','SG'),(109,23,'Batum','Nicolas','88','SF'),(110,23,'Claver','Victor','18','PF'),(111,23,'Crabbe','Allen','23','SG'),(112,23,'Freeland','Joel','19','C'),(113,23,'Leonard','Meyers','11','C'),(114,23,'Lillard','Damian','0','PG'),(115,23,'Lopez','Robin','42','C'),(116,23,'Matthews','Wesley','2','SG'),(117,23,'McCollum','C.J.','3','SG'),(118,23,'Robinson','Thomas','41','PF'),(119,23,'Watson','Earl','17','PG'),(120,23,'Williams','Mo','25','PG'),(121,23,'Wright','Dorell','1','SF'),(122,30,'Acy','Quincy','5','SF'),(123,30,'Cousins','DeMarcus','15','C'),(124,30,'Fredette','Jimmer','7','PG'),(125,30,'Gay','Rudy','8','SF'),(126,30,'Gray','Aaron','33','C'),(127,30,'Landry','Carl','24','PF'),(128,30,'McCallum','Ray','3','PG'),(129,30,'McLemore','Ben','16','SG'),(130,30,'Ndiaye','Hamady','55','C'),(131,30,'Outlaw','Travis','25','SF'),(132,30,'Thomas','Isaiah','22','PG'),(133,30,'Thompson','Jason','34','PF'),(134,30,'Thornton','Marcus','23','SG'),(135,30,'Williams','Derrick','13','PF'),(136,20,'Ayres','Jeff','11','PF'),(137,20,'Baynes','Aron','16','PF'),(138,20,'Belinelli','Marco','3','SG'),(139,20,'Bonner','Matt','15','PF'),(140,20,'de','Nando','25',''),(141,20,'Diaw','Boris','33','PF'),(142,20,'Duncan','Tim','21','PF'),(143,20,'Ginobili','Manu','20','SG'),(144,20,'Green','Danny','4','SG'),(145,20,'Joseph','Cory','5','PG'),(146,20,'Leonard','Kawhi','2','SF'),(147,20,'Mills','Patty','8','PG'),(148,20,'Parker','Tony','9','PG'),(149,20,'Splitter','Tiago','22','C'),(150,20,'Thomas','Malcolm','24','PF'),(151,5,'Buycks','Dwight','13','PG'),(152,5,'Daye','Austin','5','SF'),(153,5,'DeRozan','DeMar','10','SG'),(154,5,'Fields','Landry','2','SF'),(155,5,'Hansbrough','Tyler','50','PF'),(156,5,'Hayes','Chuck','44','PF'),(157,5,'Johnson','Amir','15','PF'),(158,5,'Lowry','Kyle','7','PG'),(159,5,'Novak','Steve','16','SF'),(160,5,'Patterson','Patrick','54','PF'),(161,5,'Ross','Terrence','31','SG'),(162,5,'Salmons','John','25','SF'),(163,5,'Stone','Julyan','77','SG'),(164,5,'Valanciunas','Jonas','17','C'),(165,5,'Vasquez','Greivis','21','PG'),(166,25,'Biedrins','Andris','11','C'),(167,25,'Burke','Trey','3','PG'),(168,25,'Burks','Alec','10','PG'),(169,25,'Clark','Ian','21','SG'),(170,25,'Evans','Jeremy','40','SF'),(171,25,'Favors','Derrick','15','PF'),(172,25,'Garrett','Diante','8','PG'),(173,25,'Gobert','Rudy','27','C'),(174,25,'Harris','Mike','33','SF'),(175,25,'Hayward','Gordon','20','SG'),(176,25,'Jefferson','Richard','24','SF'),(177,25,'Kanter','Enes','0','C'),(178,25,'Lucas','John','5',''),(179,25,'Rush','Brandon','25','SG'),(180,25,'Williams','Marvin','2','PF'),(181,15,'Ariza','Trevor','1','SF'),(182,15,'Beal','Bradley','3','SG'),(183,15,'Booker','Trevor','35','PF'),(184,15,'Gortat','Marcin','4','C'),(185,15,'Harrington','Al','7','PF'),(186,15,'Hilario','Nene','42','PF'),(187,15,'Maynor','Eric','6','PG'),(188,15,'Porter','Otto','22',''),(189,15,'Rice','Glen','14',''),(190,15,'Seraphin','Kevin','13','C'),(191,15,'Singleton','Chris','31','SF'),(192,15,'Temple','Garrett','17','SG'),(193,15,'Vesely','Jan','24','PF'),(194,15,'Wall','John','2','PG'),(195,15,'Webster','Martell','9','SF'),(196,4,'Allen','Lavoy','50','PF'),(197,4,'Anderson','James','9','SG'),(198,4,'Brown','Lorenzo','7','PG'),(199,4,'Carter-Williams','Michael','1','PG'),(200,4,'Davies','Brandon','20','PF'),(201,4,'Hawes','Spencer','00','C'),(202,4,'Moultrie','Arnett','5','PF'),(203,4,'Noel','Nerlens','4','C'),(204,4,'Orton','Daniel','33','C'),(205,4,'Richardson','Jason','23','SG'),(206,4,'Thompson','Hollis','31','SF'),(207,4,'Turner','Evan','12','SF'),(208,4,'Williams','Elliot','25','SG'),(209,4,'Wroten','Tony','8','SG'),(210,4,'Young','Thaddeus','21','PF'),(211,29,'Bledsoe','Eric','2','PG'),(212,29,'Christmas','Dionte','25','SG'),(213,29,'Dragic','Goran','1','SG'),(214,29,'Frye','Channing','8','PF'),(215,29,'Goodwin','Archie','20','SG'),(216,29,'Green','Gerald','14','SG'),(217,29,'Kravtsov','Slava','55','C'),(218,29,'Len','Alex','21','C'),(219,29,'Morris','Marcus','15','PF'),(220,29,'Morris','Markieff','11','PF'),(221,29,'Okafor','Emeka','50','C'),(222,29,'Plumlee','Miles','22','C'),(223,29,'Smith','Ish','3','PG'),(224,29,'Tucker','P.J.','17','SF'),(225,14,'Afflalo','Arron','4','SG'),(226,14,'Davis','Glen','11','PF'),(227,14,'Harkless','Maurice','21','SF'),(228,14,'Harris','Tobias','12','SF'),(229,14,'Jones','Solomon','22','PF'),(230,14,'Lamb','Doron','1','SG'),(231,14,'Maxiell','Jason','54','PF'),(232,14,'Moore','E\'Twaun','55','PG'),(233,14,'Nelson','Jameer','14','PG'),(234,14,'Nicholson','Andrew','44','PF'),(235,14,'O\'Quinn','Kyle','2','PF'),(236,14,'Oladipo','Victor','5','SG'),(237,14,'Price','Ronnie','10','PG'),(238,14,'Turkoglu','Hedo','15','SF'),(239,14,'Vucevic','Nikola','9','C'),(240,24,'Adams','Steven','12','C'),(241,24,'Collison','Nick','4','PF'),(242,24,'Durant','Kevin','35','SF'),(243,24,'Fisher','Derek','6','PG'),(244,24,'Gomes','Ryan','8','SF'),(245,24,'Ibaka','Serge','9','PF'),(246,24,'Jackson','Reggie','15','PG'),(247,24,'Jones','Perry','3','SF'),(248,24,'Lamb','Jeremy','11','SG'),(249,24,'Perkins','Kendrick','5','C'),(250,24,'Roberson','Andre','21','SG'),(251,24,'Sefolosha','Thabo','25','SG'),(252,24,'Thabeet','Hasheem','34','C'),(253,24,'Westbrook','Russell','0','PG'),(254,10,'Antetokounmpo','Giannis','34','SG'),(255,10,'Butler','Caron','3','SF'),(256,10,'Delfino','Carlos','10','SG'),(257,10,'Henson','John','31','PF'),(258,10,'Ilyasova','Ersan','7','PF'),(259,10,'Knight','Brandon','11','PG'),(260,10,'Mayo','O.J.','00','SG'),(261,10,'Middleton','Khris','22','PF'),(262,10,'Neal','Gary','12','SG'),(263,10,'Pachulia','Zaza','27','C'),(264,10,'Raduljica','Miroslav','9','C'),(265,10,'Ridnour','Luke','13','PG'),(266,10,'Sanders','Larry','8','C'),(267,10,'Udoh','Ekpe','5','PF'),(268,10,'Wolters','Nate','6','PG'),(269,18,'Allen','Tony','9','SG'),(270,18,'Bayless','Jerryd','7','PG'),(271,18,'Calathes','Nick','12','SG'),(272,18,'Conley','Mike','11','PG'),(273,18,'Curry','Seth','1','SG'),(274,18,'Davis','Ed','32','PF'),(275,18,'Franklin','Jamaal','22','SG'),(276,18,'Gasol','Marc','33','C'),(277,18,'Johnson','James','3','PF'),(278,18,'Koufos','Kosta','41','C'),(279,18,'Leuer','Jon','30','PF'),(280,18,'Miller','Mike','13','SF'),(281,18,'Pondexter','Quincy','20','SF'),(282,18,'Prince','Tayshaun','21','SF'),(283,18,'Randolph','Zach','50','PF'),(284,28,'Blake','Steve','5','PG'),(285,28,'Bryant','Kobe','24','SG'),(286,28,'Farmar','Jordan','1','PG'),(287,28,'Gasol','Pau','16','C'),(288,28,'Henry','Xavier','7','SF'),(289,28,'Hill','Jordan','27','C'),(290,28,'Johnson','Wesley','11','SG'),(291,28,'Kaman','Chris','9','C'),(292,28,'Kelly','Ryan','4','PF'),(293,28,'Marshall','Kendall','12','PG'),(294,28,'Meeks','Jodie','20','SG'),(295,28,'Nash','Steve','10','PG'),(296,28,'Sacre','Robert','50','C'),(297,28,'Williams','Shawne','3','PF'),(298,28,'Young','Nick','0','SF'),(299,27,'Barnes','Matt','22','SF'),(300,27,'Bullock','Reggie','25','SG'),(301,27,'Collison','Darren','2','PG'),(302,27,'Crawford','Jamal','11','SG'),(303,27,'Dudley','Jared','9','SF'),(304,27,'Green','Willie','34','SG'),(305,27,'Griffin','Blake','32','PF'),(306,27,'Hollins','Ryan','15','C'),(307,27,'Jackson','Stephen','1','SF'),(308,27,'Jamison','Antawn','33','PF'),(309,27,'Jordan','DeAndre','6','C'),(310,27,'Mullens','Byron','0','C'),(311,27,'Paul','Chris','3','PG'),(312,27,'Redick','J.J.','4','SG'),(313,27,'Wayns','Maalik','5','PG'),(314,9,'Butler','Rasual','8','SG'),(315,9,'Copeland','Chris','22','SF'),(316,9,'George','Paul','24','SF'),(317,9,'Granger','Danny','33','SF'),(318,9,'Hibbert','Roy','55','C'),(319,9,'Hill','George','3','PG'),(320,9,'Hill','Solomon','9','SF'),(321,9,'Johnson','Orlando','11','SG'),(322,9,'Mahinmi','Ian','28','C'),(323,9,'Scola','Luis','4','PF'),(324,9,'Sloan','Donald','15','PG'),(325,9,'Stephenson','Lance','1','SG'),(326,9,'Watson','C.J.','32','PG'),(327,9,'West','David','21','PF'),(328,17,'Asik','Omer','3','C'),(329,17,'Beverley','Patrick','2','PG'),(330,17,'Brewer','Ronnie','10','SF'),(331,17,'Brooks','Aaron','0','PG'),(332,17,'Canaan','Isaiah','1','PG'),(333,17,'Casspi','Omri','18','SF'),(334,17,'Covington','Robert','33','SF'),(335,17,'Garcia','Francisco','32','SG'),(336,17,'Harden','James','13','SG'),(337,17,'Howard','Dwight','12','PF'),(338,17,'Jones','Terrence','6','PF'),(339,17,'Lin','Jeremy','7','PG'),(340,17,'Motiejunas','Donatas','20','PF'),(341,17,'Parsons','Chandler','25','SF'),(342,17,'Smith','Greg','4','PF'),(343,26,'Armstrong','Hilton','57','PF'),(344,26,'Barnes','Harrison','40','SF'),(345,26,'Bazemore','Kent','20','SG'),(346,26,'Bogut','Andrew','12','C'),(347,26,'Curry','Stephen','30','PG'),(348,26,'Douglas','Toney','0','PG'),(349,26,'Ezeli','Festus','31','C'),(350,26,'Green','Draymond','23','SF'),(351,26,'Iguodala','Andre','9','SF'),(352,26,'Kuzmic','Ognjen','1','C'),(353,26,'Lee','David','10','PF'),(354,26,'Nedovic','Nemanja','8','PG'),(355,26,'O\'Neal','Jermaine','7','C'),(356,26,'Speights','Marreese','5','PF'),(357,26,'Thompson','Klay','11','SG'),(358,21,'Arthur','Darrell','00','PF'),(359,21,'Chandler','Wilson','21','SF'),(360,21,'Faried','Kenneth','35','PF'),(361,21,'Fournier','Evan','94','SG'),(362,21,'Foye','Randy','4','SG'),(363,21,'Gallinari','Danilo','8','SF'),(364,21,'Hamilton','Jordan','1','SF'),(365,21,'Hickson','J.J.','7','PF'),(366,21,'Lawson','Ty','3','PG'),(367,21,'McGee','JaVale','34','C'),(368,21,'Miller','Andre','24','PG'),(369,21,'Miller','Quincy','30','SF'),(370,21,'Mozgov','Timofey','25','C'),(371,21,'Randolph','Anthony','15','SF'),(372,21,'Robinson','Nate','10','PG'),(373,8,'Billups','Chauncey','1','SG'),(374,8,'Bynum','Will','12','PG'),(375,8,'Caldwell-Pope','Kentavious','5','SG'),(376,8,'Datome','Luigi','13','SF'),(377,8,'Drummond','Andre','0','C'),(378,8,'Harrellson','Josh','55','PF'),(379,8,'Jennings','Brandon','7','PG'),(380,8,'Jerebko','Jonas','33','PF'),(381,8,'Mitchell','Tony','9','PF'),(382,8,'Monroe','Greg','10','PF'),(383,8,'Singler','Kyle','25','SF'),(384,8,'Siva','Peyton','34','PG'),(385,8,'Smith','Josh','6','SF'),(386,8,'Stuckey','Rodney','3','SG'),(387,8,'Villanueva','Charlie','31','PF'),(388,16,'Blair','DeJuan','45','C'),(389,16,'Calderon','Jose','8','PG'),(390,16,'Carter','Vince','25','SG'),(391,16,'Crowder','Jae','9','SF'),(392,16,'Dalembert','Samuel','1','C'),(393,16,'Ellington','Wayne','21','SG'),(394,16,'Ellis','Monta','11','SG'),(395,16,'Harris','Devin','20','PG'),(396,16,'James','Bernard','5','C'),(397,16,'Larkin','Shane','3','PG'),(398,16,'Ledo','Ricky','7','SG'),(399,16,'Marion','Shawn','0','SF'),(400,16,'Mekel','Gal','33','PG'),(401,16,'Nowitzki','Dirk','41','PF'),(402,16,'Wright','Brandan','34','PF'),(603,13,'Mason Jr.','Roger','21','SG'),(604,20,'de Colo','Nando','25','PG'),(605,25,'Lucas III','John','5','PG'),(606,15,'Porter Jr.','Otto','22','SF'),(607,15,'Rice Jr.','Glen','14','SG');
/*!40000 ALTER TABLE `player` ENABLE KEYS */;
UNLOCK TABLES;

--
-- Table structure for table `plays_in`
--

DROP TABLE IF EXISTS `plays_in`;
/*!40101 SET @saved_cs_client     = @@character_set_client */;
/*!40101 SET character_set_client = utf8 */;
CREATE TABLE `plays_in` (
  `player` int(11) NOT NULL,
  `game` int(11) NOT NULL,
  `team` int(11) NOT NULL,
  `reb` tinyint(4) DEFAULT '0',
  `o_reb` tinyint(4) DEFAULT '0',
  `a` smallint(6) NOT NULL DEFAULT '0',
  `pf` tinyint(4) DEFAULT '0',
  `blks` tinyint(4) DEFAULT '0',
  `turnvr` tinyint(4) DEFAULT '0',
  `fg2miss` tinyint(4) DEFAULT '0',
  `fg2` smallint(6) NOT NULL DEFAULT '0',
  `fg3miss` tinyint(4) DEFAULT '0',
  `fg3` smallint(6) NOT NULL DEFAULT '0',
  `ft_miss` tinyint(4) DEFAULT '0',
  `ft` smallint(6) NOT NULL DEFAULT '0',
  `playing` tinyint(1) DEFAULT '0',
  PRIMARY KEY (`player`,`game`),
  KEY `game` (`game`),
  CONSTRAINT `plays_in_ibfk_1` FOREIGN KEY (`player`) REFERENCES `player` (`player_id`),
  CONSTRAINT `plays_in_ibfk_2` FOREIGN KEY (`game`) REFERENCES `game` (`game_id`)
) ENGINE=InnoDB DEFAULT CHARSET=utf8;
/*!40101 SET character_set_client = @saved_cs_client */;

--
-- Dumping data for table `plays_in`
--

LOCK TABLES `plays_in` WRITE;
/*!40000 ALTER TABLE `plays_in` DISABLE KEYS */;
INSERT INTO `plays_in` VALUES (1,125,7,0,0,0,0,0,0,0,0,0,0,0,0,1),(1,127,7,0,0,0,0,0,0,0,0,0,0,0,0,1),(1,130,7,0,0,0,0,0,0,0,0,0,0,0,0,1),(2,125,7,0,0,0,0,0,0,0,0,0,0,0,0,1),(2,127,7,0,0,0,0,0,0,1,1,0,1,0,0,1),(2,130,7,0,0,0,0,0,0,0,0,0,0,0,0,1),(3,125,7,0,0,0,0,0,0,0,0,0,0,0,0,1),(3,127,7,0,0,0,0,0,0,0,0,0,0,1,1,1),(3,130,7,0,0,0,0,0,0,0,0,0,0,0,0,1),(4,125,7,0,0,0,0,0,0,0,0,0,0,0,0,1),(4,127,7,0,0,0,0,0,0,0,0,0,0,0,0,1),(4,130,7,0,0,0,0,0,0,0,0,0,0,0,0,1),(5,125,7,0,0,0,0,0,0,0,0,0,0,0,0,1),(5,127,7,0,0,0,0,0,0,0,1,0,0,0,0,1),(5,130,7,0,0,0,0,0,0,0,0,0,0,0,0,1),(6,125,7,0,0,0,0,0,0,0,0,0,0,0,0,0),(6,127,7,0,0,0,0,0,0,0,0,0,0,0,0,0),(6,130,7,0,0,0,0,0,0,0,0,0,0,0,0,0),(7,125,7,0,0,0,0,0,0,0,0,0,0,0,0,0),(7,127,7,0,0,0,0,0,0,0,0,0,0,0,0,0),(7,130,7,0,0,0,0,0,0,0,0,0,0,0,0,0),(8,125,7,0,0,0,0,0,0,0,0,0,0,0,0,0),(8,127,7,0,0,0,0,0,0,0,0,0,0,0,0,0),(8,130,7,0,0,0,0,0,0,0,0,0,0,0,0,0),(9,125,7,0,0,0,0,0,0,0,0,0,0,0,0,0),(9,127,7,0,0,0,0,0,0,0,0,0,0,0,0,0),(9,130,7,0,0,0,0,0,0,0,0,0,0,0,0,0),(10,125,7,0,0,0,0,0,0,0,0,0,0,0,0,0),(10,127,7,0,0,0,0,0,0,0,0,0,0,0,0,0),(10,130,7,0,0,0,0,0,0,0,0,0,0,0,0,0),(11,125,7,0,0,0,0,0,0,0,0,0,0,0,0,0),(11,127,7,0,0,0,0,0,0,0,0,0,0,0,0,0),(11,130,7,0,0,0,0,0,0,0,0,0,0,0,0,0),(12,125,7,0,0,0,0,0,0,0,0,0,0,0,0,0),(12,127,7,0,0,0,0,0,0,0,0,0,0,0,0,0),(12,130,7,0,0,0,0,0,0,0,0,0,0,0,0,0),(13,125,7,0,0,0,0,0,0,0,0,0,0,0,0,0),(13,127,7,0,0,0,0,0,0,0,0,0,0,0,0,0),(13,130,7,0,0,0,0,0,0,0,0,0,0,0,0,0),(14,125,7,0,0,0,0,0,0,0,0,0,0,0,0,0),(14,127,7,0,0,0,0,0,0,0,0,0,0,0,0,0),(14,130,7,0,0,0,0,0,0,0,0,0,0,0,0,0),(15,125,7,0,0,0,0,0,0,0,0,0,0,0,0,0),(15,127,7,0,0,0,0,0,0,0,0,0,0,0,0,0),(15,130,7,0,0,0,0,0,0,0,0,0,0,0,0,0),(16,50,1,0,0,0,0,0,0,0,0,0,0,0,0,0),(16,56,1,0,0,0,0,0,0,0,0,0,0,0,0,1),(16,57,1,0,0,0,0,0,0,0,0,0,0,0,0,1),(16,58,1,0,0,0,0,0,0,0,0,0,0,0,0,1),(16,59,1,0,0,0,0,0,0,0,0,0,0,0,0,1),(16,60,1,0,0,0,0,0,0,0,0,0,0,0,0,1),(16,61,1,0,0,0,0,0,0,0,0,0,0,0,0,1),(16,62,1,0,0,0,0,0,0,0,0,0,0,0,0,1),(16,63,1,0,0,0,0,0,0,0,0,0,0,0,0,1),(16,64,1,0,0,0,0,0,0,0,0,0,0,0,0,1),(16,65,1,0,0,0,0,0,0,0,0,0,0,0,0,0),(16,66,1,0,0,0,0,0,0,0,0,0,0,0,0,0),(16,67,1,0,0,0,0,0,0,0,0,0,0,0,0,0),(16,69,1,0,0,0,0,0,0,0,0,0,0,0,0,0),(16,70,1,0,0,0,0,0,0,0,0,0,0,0,0,0),(16,71,1,0,0,0,0,0,0,0,0,0,0,0,0,0),(16,72,1,0,0,0,0,0,0,0,0,0,0,0,0,0),(16,74,1,0,0,0,0,0,0,0,0,0,0,0,0,0),(16,75,1,0,0,0,0,0,0,0,0,0,0,0,0,0),(16,76,1,0,0,0,0,0,0,0,0,0,0,0,0,0),(16,78,1,0,0,0,0,0,0,0,0,0,0,0,0,0),(16,79,1,0,0,0,0,0,0,0,0,0,0,0,0,0),(16,86,1,0,0,0,0,0,0,0,0,0,0,0,0,0),(16,87,1,0,0,0,0,0,0,0,0,0,0,0,0,0),(16,94,1,0,0,0,0,0,0,0,0,0,0,0,0,1),(16,95,1,0,0,0,0,0,0,0,0,0,0,0,0,0),(16,97,1,0,0,0,0,0,0,0,0,0,0,0,0,0),(16,98,1,0,0,0,0,0,0,0,5,0,1,0,3,1),(16,99,1,0,0,0,1,0,0,0,1,0,7,1,0,1),(16,118,1,0,0,0,0,0,0,0,0,0,0,0,0,1),(16,119,1,0,0,0,0,0,0,0,0,0,0,0,0,1),(16,124,1,0,0,0,1,0,0,0,0,0,0,0,0,1),(16,126,1,0,0,0,0,0,0,0,0,0,0,0,0,1),(17,50,1,0,0,0,0,0,0,0,0,0,0,0,0,0),(17,56,1,0,0,0,0,0,0,0,0,0,0,0,0,1),(17,57,1,0,0,0,0,0,0,0,0,0,0,0,0,1),(17,58,1,0,0,0,0,0,0,0,0,0,0,0,0,1),(17,59,1,0,0,0,0,0,0,0,0,0,0,0,0,1),(17,60,1,0,0,0,0,0,0,0,0,0,0,0,0,1),(17,61,1,0,0,0,0,0,0,0,0,0,0,0,0,1),(17,62,1,0,0,0,0,0,0,0,0,0,0,0,0,1),(17,63,1,0,0,0,0,0,0,0,0,0,0,0,0,1),(17,64,1,0,0,0,0,0,0,0,0,0,0,0,0,1),(17,65,1,0,0,0,0,0,0,0,0,0,0,0,0,0),(17,66,1,0,0,0,0,0,0,0,0,0,0,0,0,0),(17,67,1,0,0,0,0,0,0,0,0,0,0,0,0,0),(17,69,1,0,0,0,0,0,0,0,0,0,0,0,0,0),(17,70,1,0,0,0,0,0,0,0,0,0,0,0,0,0),(17,71,1,0,0,0,0,0,0,0,0,0,0,0,0,0),(17,72,1,0,0,0,0,0,0,0,0,0,0,0,0,0),(17,74,1,0,0,0,0,0,0,0,0,0,0,0,0,0),(17,75,1,0,0,0,0,0,0,0,0,0,0,0,0,0),(17,76,1,0,0,0,0,0,0,0,0,0,0,0,0,0),(17,78,1,0,0,0,0,0,0,0,0,0,0,0,0,0),(17,79,1,0,0,0,0,0,0,0,0,0,0,0,0,0),(17,86,1,0,0,0,0,0,0,0,0,0,0,0,0,0),(17,87,1,0,0,0,0,0,0,0,0,0,0,0,0,0),(17,94,1,0,0,0,0,0,0,0,0,0,0,0,0,1),(17,95,1,0,0,0,0,0,0,0,0,0,0,0,0,0),(17,97,1,0,0,0,0,0,0,0,0,0,0,0,0,1),(17,98,1,0,0,0,0,0,0,2,3,1,3,0,5,1),(17,99,1,0,0,0,0,0,0,0,0,0,8,0,1,0),(17,118,1,0,0,0,0,0,0,0,0,0,0,0,0,1),(17,119,1,0,0,0,0,0,0,0,0,0,0,0,0,1),(17,124,1,0,0,0,1,0,0,1,0,1,0,1,0,1),(17,126,1,0,0,0,0,0,0,0,0,0,0,0,0,1),(18,50,1,0,0,0,0,0,0,0,0,0,0,0,0,0),(18,56,1,0,0,0,0,0,0,0,0,0,0,0,0,1),(18,57,1,0,0,0,0,0,0,0,0,0,0,0,0,1),(18,58,1,0,0,0,0,0,0,0,0,0,0,0,0,1),(18,59,1,0,0,0,0,0,0,0,0,0,0,0,0,1),(18,60,1,0,0,0,0,0,0,0,0,0,0,0,0,1),(18,61,1,0,0,0,0,0,0,0,0,0,0,0,0,1),(18,62,1,0,0,0,0,0,0,0,0,0,0,0,0,1),(18,63,1,0,0,0,0,0,0,0,0,0,0,0,0,1),(18,64,1,0,0,0,0,0,0,0,0,0,0,0,0,1),(18,65,1,0,0,0,0,0,0,0,0,0,0,0,0,0),(18,66,1,0,0,0,0,0,0,0,0,0,0,0,0,0),(18,67,1,0,0,0,0,0,0,0,0,0,0,0,0,0),(18,69,1,0,0,0,0,0,0,0,0,0,0,0,0,0),(18,70,1,0,0,0,0,0,0,0,0,0,0,0,0,0),(18,71,1,0,0,0,0,0,0,0,0,0,0,0,0,0),(18,72,1,0,0,0,0,0,0,0,0,0,0,0,0,0),(18,74,1,0,0,0,0,0,0,0,0,0,0,0,0,0),(18,75,1,0,0,0,0,0,0,0,0,0,0,0,0,0),(18,76,1,0,0,0,0,0,0,0,0,0,0,0,0,0),(18,78,1,0,0,0,0,0,0,0,0,0,0,0,0,0),(18,79,1,0,0,0,0,0,0,0,0,0,0,0,0,0),(18,86,1,0,0,0,0,0,0,0,0,0,0,0,0,0),(18,87,1,0,0,0,0,0,0,0,0,0,0,0,0,0),(18,94,1,0,0,0,0,0,0,0,0,0,0,0,0,1),(18,95,1,0,0,0,0,0,0,0,0,0,0,0,0,0),(18,97,1,0,0,0,0,0,0,0,3,0,0,0,0,1),(18,98,1,0,0,0,0,0,0,0,0,0,2,0,2,0),(18,99,1,0,0,0,4,0,0,1,8,0,0,1,1,1),(18,118,1,0,0,0,0,0,0,0,0,0,0,0,0,1),(18,119,1,0,0,0,0,0,0,0,0,0,0,0,0,1),(18,124,1,0,0,0,0,0,0,0,1,0,1,0,1,1),(18,126,1,0,0,0,0,0,0,0,0,0,0,0,0,0),(19,50,1,0,0,0,0,0,0,0,0,0,0,0,0,0),(19,56,1,0,0,0,0,0,0,0,0,0,0,0,0,1),(19,57,1,0,0,0,0,0,0,0,0,0,0,0,0,1),(19,58,1,0,0,0,0,0,0,0,0,0,0,0,0,1),(19,59,1,0,0,0,0,0,0,0,0,0,0,0,0,1),(19,60,1,0,0,0,0,0,0,0,0,0,0,0,0,1),(19,61,1,0,0,0,0,0,0,0,0,0,0,0,0,1),(19,62,1,0,0,0,0,0,0,0,0,0,0,0,0,1),(19,63,1,0,0,0,0,0,0,0,0,0,0,0,0,1),(19,64,1,0,0,0,0,0,0,0,0,0,0,0,0,1),(19,65,1,0,0,0,0,0,0,0,0,0,0,0,0,0),(19,66,1,0,0,0,0,0,0,0,0,0,0,0,0,0),(19,67,1,0,0,0,0,0,0,0,0,0,0,0,0,0),(19,69,1,0,0,0,0,0,0,0,0,0,0,0,0,0),(19,70,1,0,0,0,0,0,0,0,0,0,0,0,0,0),(19,71,1,0,0,0,0,0,0,0,0,0,0,0,0,0),(19,72,1,0,0,0,0,0,0,0,0,0,0,0,0,0),(19,74,1,0,0,0,0,0,0,0,0,0,0,0,0,0),(19,75,1,0,0,0,0,0,0,0,0,0,0,0,0,0),(19,76,1,0,0,0,0,0,0,0,0,0,0,0,0,0),(19,78,1,0,0,0,0,0,0,0,0,0,0,0,0,0),(19,79,1,0,0,0,0,0,0,0,0,0,0,0,0,0),(19,86,1,0,0,0,0,0,0,0,0,0,0,0,0,0),(19,87,1,0,0,0,0,0,0,0,0,0,0,0,0,0),(19,94,1,0,0,0,0,0,0,0,0,0,0,0,0,1),(19,95,1,0,0,0,0,0,0,0,0,0,0,0,0,0),(19,97,1,0,0,0,0,0,0,0,0,0,0,0,0,1),(19,98,1,0,0,0,0,0,0,1,3,0,2,0,2,1),(19,99,1,0,0,0,0,0,0,0,9,0,5,0,8,0),(19,118,1,0,0,0,0,0,0,0,0,0,0,0,0,1),(19,119,1,0,0,0,0,0,0,0,0,0,0,0,0,1),(19,124,1,0,0,0,0,0,0,0,0,0,0,0,0,0),(19,126,1,0,0,0,0,0,0,0,0,0,0,0,0,1),(20,50,1,0,0,0,0,0,0,0,0,0,0,0,0,0),(20,56,1,0,0,0,0,0,0,0,0,0,0,0,0,1),(20,57,1,0,0,0,0,0,0,0,0,0,0,0,0,1),(20,58,1,0,0,0,0,0,0,0,0,0,0,0,0,1),(20,59,1,0,0,0,0,0,0,0,0,0,0,0,0,1),(20,60,1,0,0,0,0,0,0,0,0,0,0,0,0,1),(20,61,1,0,0,0,0,0,0,0,0,0,0,0,0,1),(20,62,1,0,0,0,0,0,0,0,0,0,0,0,0,1),(20,63,1,0,0,0,0,0,0,0,0,0,0,0,0,1),(20,64,1,0,0,0,0,0,0,0,0,0,0,0,0,1),(20,65,1,0,0,0,0,0,0,0,0,0,0,0,0,0),(20,66,1,0,0,0,0,0,0,0,0,0,0,0,0,0),(20,67,1,0,0,0,0,0,0,0,0,0,0,0,0,0),(20,69,1,0,0,0,0,0,0,0,0,0,0,0,0,0),(20,70,1,0,0,0,0,0,0,0,0,0,0,0,0,0),(20,71,1,0,0,0,0,0,0,0,0,0,0,0,0,0),(20,72,1,0,0,0,0,0,0,0,0,0,0,0,0,0),(20,74,1,0,0,0,0,0,0,0,0,0,0,0,0,0),(20,75,1,0,0,0,0,0,0,0,0,0,0,0,0,0),(20,76,1,0,0,0,0,0,0,0,0,0,0,0,0,0),(20,78,1,0,0,0,0,0,0,0,0,0,0,0,0,0),(20,79,1,0,0,0,0,0,0,0,0,0,0,0,0,0),(20,86,1,0,0,0,0,0,0,0,0,0,0,0,0,0),(20,87,1,0,0,0,0,0,0,0,0,0,0,0,0,0),(20,94,1,0,0,0,0,0,0,0,0,0,0,0,0,1),(20,95,1,0,0,0,0,0,0,0,0,0,0,0,0,0),(20,97,1,0,0,0,0,0,0,0,0,0,0,0,0,1),(20,98,1,0,0,0,0,0,0,1,1,0,0,0,0,1),(20,99,1,0,0,0,0,0,0,0,6,0,0,0,0,0),(20,118,1,0,0,0,0,0,0,0,0,0,0,0,0,1),(20,119,1,0,0,0,0,0,0,0,0,0,0,0,0,1),(20,124,1,0,0,0,0,0,0,0,0,0,0,0,0,1),(20,126,1,0,0,0,0,0,0,0,0,0,0,0,0,1),(21,50,1,0,0,0,0,0,0,0,0,0,0,0,0,0),(21,56,1,0,0,0,0,0,0,0,0,0,0,0,0,0),(21,57,1,0,0,0,0,0,0,0,0,0,0,0,0,0),(21,58,1,0,0,0,0,0,0,0,0,0,0,0,0,0),(21,59,1,0,0,0,0,0,0,0,0,0,0,0,0,0),(21,60,1,0,0,0,0,0,0,0,0,0,0,0,0,0),(21,61,1,0,0,0,0,0,0,0,0,0,0,0,0,0),(21,62,1,0,0,0,0,0,0,0,0,0,0,0,0,0),(21,63,1,0,0,0,0,0,0,0,0,0,0,0,0,0),(21,64,1,0,0,0,0,0,0,0,0,0,0,0,0,0),(21,65,1,0,0,0,0,0,0,0,0,0,0,0,0,0),(21,66,1,0,0,0,0,0,0,0,0,0,0,0,0,0),(21,67,1,0,0,0,0,0,0,0,0,0,0,0,0,0),(21,69,1,0,0,0,0,0,0,0,0,0,0,0,0,0),(21,70,1,0,0,0,0,0,0,0,0,0,0,0,0,0),(21,71,1,0,0,0,0,0,0,0,0,0,0,0,0,0),(21,72,1,0,0,0,0,0,0,0,0,0,0,0,0,0),(21,74,1,0,0,0,0,0,0,0,0,0,0,0,0,0),(21,75,1,0,0,0,0,0,0,0,0,0,0,0,0,0),(21,76,1,0,0,0,0,0,0,0,0,0,0,0,0,0),(21,78,1,0,0,0,0,0,0,0,0,0,0,0,0,0),(21,79,1,0,0,0,0,0,0,0,0,0,0,0,0,0),(21,86,1,0,0,0,0,0,0,0,0,0,0,0,0,0),(21,87,1,0,0,0,0,0,0,0,0,0,0,0,0,0),(21,94,1,0,0,0,0,0,0,0,0,0,0,0,0,0),(21,95,1,0,0,0,0,0,0,0,0,0,0,0,0,0),(21,97,1,0,0,0,0,0,0,0,0,0,0,0,0,1),(21,98,1,0,0,0,0,0,0,0,0,0,0,0,0,0),(21,99,1,5,0,0,1,0,0,0,1,0,0,3,1,1),(21,118,1,0,0,0,0,0,0,0,0,0,0,0,0,0),(21,119,1,0,0,0,0,0,0,0,0,0,0,0,0,0),(21,124,1,0,0,0,0,0,0,0,0,0,0,0,0,0),(21,126,1,0,0,0,0,0,0,0,0,0,0,0,0,0),(22,50,1,0,0,0,0,0,0,0,0,0,0,0,0,0),(22,56,1,0,0,0,0,0,0,0,0,0,0,0,0,0),(22,57,1,0,0,0,0,0,0,0,0,0,0,0,0,0),(22,58,1,0,0,0,0,0,0,0,0,0,0,0,0,0),(22,59,1,0,0,0,0,0,0,0,0,0,0,0,0,0),(22,60,1,0,0,0,0,0,0,0,0,0,0,0,0,0),(22,61,1,0,0,0,0,0,0,0,0,0,0,0,0,0),(22,62,1,0,0,0,0,0,0,0,0,0,0,0,0,0),(22,63,1,0,0,0,0,0,0,0,0,0,0,0,0,0),(22,64,1,0,0,0,0,0,0,0,0,0,0,0,0,0),(22,65,1,0,0,0,0,0,0,0,0,0,0,0,0,0),(22,66,1,0,0,0,0,0,0,0,0,0,0,0,0,0),(22,67,1,0,0,0,0,0,0,0,0,0,0,0,0,0),(22,69,1,0,0,0,0,0,0,0,0,0,0,0,0,0),(22,70,1,0,0,0,0,0,0,0,0,0,0,0,0,0),(22,71,1,0,0,0,0,0,0,0,0,0,0,0,0,0),(22,72,1,0,0,0,0,0,0,0,0,0,0,0,0,0),(22,74,1,0,0,0,0,0,0,0,0,0,0,0,0,0),(22,75,1,0,0,0,0,0,0,0,0,0,0,0,0,0),(22,76,1,0,0,0,0,0,0,0,0,0,0,0,0,0),(22,78,1,0,0,0,0,0,0,0,0,0,0,0,0,0),(22,79,1,0,0,0,0,0,0,0,0,0,0,0,0,0),(22,86,1,0,0,0,0,0,0,0,0,0,0,0,0,0),(22,87,1,0,0,0,0,0,0,0,0,0,0,0,0,0),(22,94,1,0,0,0,0,0,0,0,0,0,0,0,0,0),(22,95,1,0,0,0,0,0,0,0,0,0,0,0,0,0),(22,97,1,0,0,0,0,0,0,0,0,0,0,0,0,0),(22,98,1,0,0,0,0,0,0,0,0,0,0,0,0,0),(22,99,1,2,0,1,1,0,0,3,1,0,0,1,0,1),(22,118,1,0,0,0,0,0,0,0,0,0,0,0,0,0),(22,119,1,0,0,0,0,0,0,0,0,0,0,0,0,0),(22,124,1,0,0,0,0,0,0,0,0,0,0,0,0,0),(22,126,1,0,0,0,0,0,0,0,0,0,0,0,0,0),(23,50,1,0,0,0,0,0,0,0,0,0,0,0,0,0),(23,56,1,0,0,0,0,0,0,0,0,0,0,0,0,0),(23,57,1,0,0,0,0,0,0,0,0,0,0,0,0,0),(23,58,1,0,0,0,0,0,0,0,0,0,0,0,0,0),(23,59,1,0,0,0,0,0,0,0,0,0,0,0,0,0),(23,60,1,0,0,0,0,0,0,0,0,0,0,0,0,0),(23,61,1,0,0,0,0,0,0,0,0,0,0,0,0,0),(23,62,1,0,0,0,0,0,0,0,0,0,0,0,0,0),(23,63,1,0,0,0,0,0,0,0,0,0,0,0,0,0),(23,64,1,0,0,0,0,0,0,0,0,0,0,0,0,0),(23,65,1,0,0,0,0,0,0,0,0,0,0,0,0,0),(23,66,1,0,0,0,0,0,0,0,0,0,0,0,0,0),(23,67,1,0,0,0,0,0,0,0,0,0,0,0,0,0),(23,69,1,0,0,0,0,0,0,0,0,0,0,0,0,0),(23,70,1,0,0,0,0,0,0,0,0,0,0,0,0,0),(23,71,1,0,0,0,0,0,0,0,0,0,0,0,0,0),(23,72,1,0,0,0,0,0,0,0,0,0,0,0,0,0),(23,74,1,0,0,0,0,0,0,0,0,0,0,0,0,0),(23,75,1,0,0,0,0,0,0,0,0,0,0,0,0,0),(23,76,1,0,0,0,0,0,0,0,0,0,0,0,0,0),(23,78,1,0,0,0,0,0,0,0,0,0,0,0,0,0),(23,79,1,0,0,0,0,0,0,0,0,0,0,0,0,0),(23,86,1,0,0,0,0,0,0,0,0,0,0,0,0,0),(23,87,1,0,0,0,0,0,0,0,0,0,0,0,0,0),(23,94,1,0,0,0,0,0,0,0,0,0,0,0,0,0),(23,95,1,0,0,0,0,0,0,0,0,0,0,0,0,0),(23,97,1,0,0,0,0,0,0,0,0,0,0,0,0,0),(23,98,1,0,0,0,0,0,0,0,0,0,0,0,0,0),(23,99,1,0,0,0,0,0,0,0,0,0,0,0,0,0),(23,118,1,0,0,0,0,0,0,0,0,0,0,0,0,0),(23,119,1,0,0,0,0,0,0,0,0,0,0,0,0,0),(23,124,1,0,0,0,0,0,0,0,0,0,0,0,0,0),(23,126,1,0,0,0,0,0,0,0,0,0,0,0,0,0),(24,50,1,0,0,0,0,0,0,0,0,0,0,0,0,0),(24,56,1,0,0,0,0,0,0,0,0,0,0,0,0,0),(24,57,1,0,0,0,0,0,0,0,0,0,0,0,0,0),(24,58,1,0,0,0,0,0,0,0,0,0,0,0,0,0),(24,59,1,0,0,0,0,0,0,0,0,0,0,0,0,0),(24,60,1,0,0,0,0,0,0,0,0,0,0,0,0,0),(24,61,1,0,0,0,0,0,0,0,0,0,0,0,0,0),(24,62,1,0,0,0,0,0,0,0,0,0,0,0,0,0),(24,63,1,0,0,0,0,0,0,0,0,0,0,0,0,0),(24,64,1,0,0,0,0,0,0,0,0,0,0,0,0,0),(24,65,1,0,0,0,0,0,0,0,0,0,0,0,0,0),(24,66,1,0,0,0,0,0,0,0,0,0,0,0,0,0),(24,67,1,0,0,0,0,0,0,0,0,0,0,0,0,0),(24,69,1,0,0,0,0,0,0,0,0,0,0,0,0,0),(24,70,1,0,0,0,0,0,0,0,0,0,0,0,0,0),(24,71,1,0,0,0,0,0,0,0,0,0,0,0,0,0),(24,72,1,0,0,0,0,0,0,0,0,0,0,0,0,0),(24,74,1,0,0,0,0,0,0,0,0,0,0,0,0,0),(24,75,1,0,0,0,0,0,0,0,0,0,0,0,0,0),(24,76,1,0,0,0,0,0,0,0,0,0,0,0,0,0),(24,78,1,0,0,0,0,0,0,0,0,0,0,0,0,0),(24,79,1,0,0,0,0,0,0,0,0,0,0,0,0,0),(24,86,1,0,0,0,0,0,0,0,0,0,0,0,0,0),(24,87,1,0,0,0,0,0,0,0,0,0,0,0,0,0),(24,94,1,0,0,0,0,0,0,0,0,0,0,0,0,0),(24,95,1,0,0,0,0,0,0,0,0,0,0,0,0,0),(24,97,1,0,0,0,0,0,0,0,0,0,0,0,0,0),(24,98,1,0,0,0,0,0,0,0,0,0,0,0,0,0),(24,99,1,0,0,0,1,0,0,0,0,0,0,0,0,1),(24,118,1,0,0,0,0,0,0,0,0,0,0,0,0,0),(24,119,1,0,0,0,0,0,0,0,0,0,0,0,0,0),(24,124,1,0,0,0,0,0,0,0,0,0,0,0,0,0),(24,126,1,0,0,0,0,0,0,0,0,0,0,0,0,1),(25,50,1,0,0,0,0,0,0,0,0,0,0,0,0,0),(25,56,1,0,0,0,0,0,0,0,0,0,0,0,0,0),(25,57,1,0,0,0,0,0,0,0,0,0,0,0,0,0),(25,58,1,0,0,0,0,0,0,0,0,0,0,0,0,0),(25,59,1,0,0,0,0,0,0,0,0,0,0,0,0,0),(25,60,1,0,0,0,0,0,0,0,0,0,0,0,0,0),(25,61,1,0,0,0,0,0,0,0,0,0,0,0,0,0),(25,62,1,0,0,0,0,0,0,0,0,0,0,0,0,0),(25,63,1,0,0,0,0,0,0,0,0,0,0,0,0,0),(25,64,1,0,0,0,0,0,0,0,0,0,0,0,0,0),(25,65,1,0,0,0,0,0,0,0,0,0,0,0,0,0),(25,66,1,0,0,0,0,0,0,0,0,0,0,0,0,0),(25,67,1,0,0,0,0,0,0,0,0,0,0,0,0,0),(25,69,1,0,0,0,0,0,0,0,0,0,0,0,0,0),(25,70,1,0,0,0,0,0,0,0,0,0,0,0,0,0),(25,71,1,0,0,0,0,0,0,0,0,0,0,0,0,0),(25,72,1,0,0,0,0,0,0,0,0,0,0,0,0,0),(25,74,1,0,0,0,0,0,0,0,0,0,0,0,0,0),(25,75,1,0,0,0,0,0,0,0,0,0,0,0,0,0),(25,76,1,0,0,0,0,0,0,0,0,0,0,0,0,0),(25,78,1,0,0,0,0,0,0,0,0,0,0,0,0,0),(25,79,1,0,0,0,0,0,0,0,0,0,0,0,0,0),(25,86,1,0,0,0,0,0,0,0,0,0,0,0,0,0),(25,87,1,0,0,0,0,0,0,0,0,0,0,0,0,0),(25,94,1,0,0,0,0,0,0,0,0,0,0,0,0,0),(25,95,1,0,0,0,0,0,0,0,0,0,0,0,0,0),(25,97,1,0,0,0,0,0,0,0,0,0,0,0,0,0),(25,98,1,0,0,0,0,0,0,0,0,0,0,0,0,0),(25,99,1,0,0,0,0,0,0,0,0,0,0,0,0,0),(25,118,1,0,0,0,0,0,0,0,0,0,0,0,0,0),(25,119,1,0,0,0,0,0,0,0,0,0,0,0,0,0),(25,124,1,0,0,0,0,0,0,0,0,0,0,0,0,0),(25,126,1,0,0,0,0,0,0,0,0,0,0,0,0,0),(26,50,1,0,0,0,0,0,0,0,0,0,0,0,0,0),(26,56,1,0,0,0,0,0,0,0,0,0,0,0,0,0),(26,57,1,0,0,0,0,0,0,0,0,0,0,0,0,0),(26,58,1,0,0,0,0,0,0,0,0,0,0,0,0,0),(26,59,1,0,0,0,0,0,0,0,0,0,0,0,0,0),(26,60,1,0,0,0,0,0,0,0,0,0,0,0,0,0),(26,61,1,0,0,0,0,0,0,0,0,0,0,0,0,0),(26,62,1,0,0,0,0,0,0,0,0,0,0,0,0,0),(26,63,1,0,0,0,0,0,0,0,0,0,0,0,0,0),(26,64,1,0,0,0,0,0,0,0,0,0,0,0,0,0),(26,65,1,0,0,0,0,0,0,0,0,0,0,0,0,0),(26,66,1,0,0,0,0,0,0,0,0,0,0,0,0,0),(26,67,1,0,0,0,0,0,0,0,0,0,0,0,0,0),(26,69,1,0,0,0,0,0,0,0,0,0,0,0,0,0),(26,70,1,0,0,0,0,0,0,0,0,0,0,0,0,0),(26,71,1,0,0,0,0,0,0,0,0,0,0,0,0,0),(26,72,1,0,0,0,0,0,0,0,0,0,0,0,0,0),(26,74,1,0,0,0,0,0,0,0,0,0,0,0,0,0),(26,75,1,0,0,0,0,0,0,0,0,0,0,0,0,0),(26,76,1,0,0,0,0,0,0,0,0,0,0,0,0,0),(26,78,1,0,0,0,0,0,0,0,0,0,0,0,0,0),(26,79,1,0,0,0,0,0,0,0,0,0,0,0,0,0),(26,86,1,0,0,0,0,0,0,0,0,0,0,0,0,0),(26,87,1,0,0,0,0,0,0,0,0,0,0,0,0,0),(26,94,1,0,0,0,0,0,0,0,0,0,0,0,0,0),(26,95,1,0,0,0,0,0,0,0,0,0,0,0,0,0),(26,97,1,0,0,0,0,0,0,0,0,0,0,0,0,0),(26,98,1,0,0,0,0,0,0,0,0,0,0,0,0,0),(26,99,1,0,0,0,0,0,0,0,0,0,0,0,0,0),(26,118,1,0,0,0,0,0,0,0,0,0,0,0,0,0),(26,119,1,0,0,0,0,0,0,0,0,0,0,0,0,0),(26,124,1,0,0,0,0,0,0,0,0,0,0,0,0,1),(26,126,1,0,0,0,0,0,0,0,0,0,0,0,0,0),(27,50,1,0,0,0,0,0,0,0,0,0,0,0,0,0),(27,56,1,0,0,0,0,0,0,0,0,0,0,0,0,0),(27,57,1,0,0,0,0,0,0,0,0,0,0,0,0,0),(27,58,1,0,0,0,0,0,0,0,0,0,0,0,0,0),(27,59,1,0,0,0,0,0,0,0,0,0,0,0,0,0),(27,60,1,0,0,0,0,0,0,0,0,0,0,0,0,0),(27,61,1,0,0,0,0,0,0,0,0,0,0,0,0,0),(27,62,1,0,0,0,0,0,0,0,0,0,0,0,0,0),(27,63,1,0,0,0,0,0,0,0,0,0,0,0,0,0),(27,64,1,0,0,0,0,0,0,0,0,0,0,0,0,0),(27,65,1,0,0,0,0,0,0,0,0,0,0,0,0,0),(27,66,1,0,0,0,0,0,0,0,0,0,0,0,0,0),(27,67,1,0,0,0,0,0,0,0,0,0,0,0,0,0),(27,69,1,0,0,0,0,0,0,0,0,0,0,0,0,0),(27,70,1,0,0,0,0,0,0,0,0,0,0,0,0,0),(27,71,1,0,0,0,0,0,0,0,0,0,0,0,0,0),(27,72,1,0,0,0,0,0,0,0,0,0,0,0,0,0),(27,74,1,0,0,0,0,0,0,0,0,0,0,0,0,0),(27,75,1,0,0,0,0,0,0,0,0,0,0,0,0,0),(27,76,1,0,0,0,0,0,0,0,0,0,0,0,0,0),(27,78,1,0,0,0,0,0,0,0,0,0,0,0,0,0),(27,79,1,0,0,0,0,0,0,0,0,0,0,0,0,0),(27,86,1,0,0,0,0,0,0,0,0,0,0,0,0,0),(27,87,1,0,0,0,0,0,0,0,0,0,0,0,0,0),(27,94,1,0,0,0,0,0,0,0,0,0,0,0,0,0),(27,95,1,0,0,0,0,0,0,0,0,0,0,0,0,0),(27,97,1,0,0,0,0,0,0,0,0,0,0,0,0,0),(27,98,1,0,0,0,0,0,0,1,1,0,0,0,1,0),(27,99,1,0,0,0,0,0,0,0,0,0,0,0,0,0),(27,118,1,0,0,0,0,0,0,0,0,0,0,0,0,0),(27,119,1,0,0,0,0,0,0,0,0,0,0,0,0,0),(27,124,1,0,0,0,0,0,0,0,0,0,0,0,0,0),(27,126,1,0,0,0,0,0,0,0,0,0,0,0,0,0),(28,50,1,0,0,0,0,0,0,0,0,0,0,0,0,0),(28,56,1,0,0,0,0,0,0,0,0,0,0,0,0,0),(28,57,1,0,0,0,0,0,0,0,0,0,0,0,0,0),(28,58,1,0,0,0,0,0,0,0,0,0,0,0,0,0),(28,59,1,0,0,0,0,0,0,0,0,0,0,0,0,0),(28,60,1,0,0,0,0,0,0,0,0,0,0,0,0,0),(28,61,1,0,0,0,0,0,0,0,0,0,0,0,0,0),(28,62,1,0,0,0,0,0,0,0,0,0,0,0,0,0),(28,63,1,0,0,0,0,0,0,0,0,0,0,0,0,0),(28,64,1,0,0,0,0,0,0,0,0,0,0,0,0,0),(28,65,1,0,0,0,0,0,0,0,0,0,0,0,0,0),(28,66,1,0,0,0,0,0,0,0,0,0,0,0,0,0),(28,67,1,0,0,0,0,0,0,0,0,0,0,0,0,0),(28,69,1,0,0,0,0,0,0,0,0,0,0,0,0,0),(28,70,1,0,0,0,0,0,0,0,0,0,0,0,0,0),(28,71,1,0,0,0,0,0,0,0,0,0,0,0,0,0),(28,72,1,0,0,0,0,0,0,0,0,0,0,0,0,0),(28,74,1,0,0,0,0,0,0,0,0,0,0,0,0,0),(28,75,1,0,0,0,0,0,0,0,0,0,0,0,0,0),(28,76,1,0,0,0,0,0,0,0,0,0,0,0,0,0),(28,78,1,0,0,0,0,0,0,0,0,0,0,0,0,0),(28,79,1,0,0,0,0,0,0,0,0,0,0,0,0,0),(28,86,1,0,0,0,0,0,0,0,0,0,0,0,0,0),(28,87,1,0,0,0,0,0,0,0,0,0,0,0,0,0),(28,94,1,0,0,0,0,0,0,0,0,0,0,0,0,0),(28,95,1,0,0,0,0,0,0,0,0,0,0,0,0,0),(28,97,1,0,0,0,0,0,0,0,0,0,0,0,0,0),(28,98,1,0,0,0,0,0,0,0,0,0,0,0,0,0),(28,99,1,0,0,0,0,0,0,0,0,0,0,0,0,0),(28,118,1,0,0,0,0,0,0,0,0,0,0,0,0,0),(28,119,1,0,0,0,0,0,0,0,0,0,0,0,0,0),(28,124,1,0,0,0,0,0,0,0,0,0,0,0,0,0),(28,126,1,0,0,0,0,0,0,0,0,0,0,0,0,0),(29,50,1,0,0,0,0,0,0,0,0,0,0,0,0,0),(29,56,1,0,0,0,0,0,0,0,0,0,0,0,0,0),(29,57,1,0,0,0,0,0,0,0,0,0,0,0,0,0),(29,58,1,0,0,0,0,0,0,0,0,0,0,0,0,0),(29,59,1,0,0,0,0,0,0,0,0,0,0,0,0,0),(29,60,1,0,0,0,0,0,0,0,0,0,0,0,0,0),(29,61,1,0,0,0,0,0,0,0,0,0,0,0,0,0),(29,62,1,0,0,0,0,0,0,0,0,0,0,0,0,0),(29,63,1,0,0,0,0,0,0,0,0,0,0,0,0,0),(29,64,1,0,0,0,0,0,0,0,0,0,0,0,0,0),(29,65,1,0,0,0,0,0,0,0,0,0,0,0,0,0),(29,66,1,0,0,0,0,0,0,0,0,0,0,0,0,0),(29,67,1,0,0,0,0,0,0,0,0,0,0,0,0,0),(29,69,1,0,0,0,0,0,0,0,0,0,0,0,0,0),(29,70,1,0,0,0,0,0,0,0,0,0,0,0,0,0),(29,71,1,0,0,0,0,0,0,0,0,0,0,0,0,0),(29,72,1,0,0,0,0,0,0,0,0,0,0,0,0,0),(29,74,1,0,0,0,0,0,0,0,0,0,0,0,0,0),(29,75,1,0,0,0,0,0,0,0,0,0,0,0,0,0),(29,76,1,0,0,0,0,0,0,0,0,0,0,0,0,0),(29,78,1,0,0,0,0,0,0,0,0,0,0,0,0,0),(29,79,1,0,0,0,0,0,0,0,0,0,0,0,0,0),(29,86,1,0,0,0,0,0,0,0,0,0,0,0,0,0),(29,87,1,0,0,0,0,0,0,0,0,0,0,0,0,0),(29,94,1,0,0,0,0,0,0,0,0,0,0,0,0,0),(29,95,1,0,0,0,0,0,0,0,0,0,0,0,0,0),(29,97,1,0,0,0,0,0,0,0,0,0,0,0,0,0),(29,98,1,0,0,0,0,0,0,0,0,0,0,0,0,1),(29,99,1,0,0,0,0,0,0,0,0,0,0,0,0,0),(29,118,1,0,0,0,0,0,0,0,0,0,0,0,0,0),(29,119,1,0,0,0,0,0,0,0,0,0,0,0,0,0),(29,124,1,0,0,0,0,0,0,0,0,0,0,0,0,0),(29,126,1,0,0,0,0,0,0,0,0,0,0,0,0,0),(30,60,2,0,0,0,0,0,0,0,0,0,0,0,0,1),(30,61,2,0,0,0,0,0,0,0,0,0,0,0,0,1),(30,62,2,0,0,0,0,0,0,0,0,0,0,0,0,1),(30,80,2,0,0,0,0,0,0,0,0,0,0,0,0,0),(30,81,2,0,0,0,0,0,0,0,0,0,0,0,0,0),(30,85,2,0,0,0,0,0,0,0,0,0,0,0,0,0),(30,88,2,0,0,0,0,0,0,0,0,0,0,0,0,0),(30,92,2,0,0,0,0,0,0,0,0,0,0,0,0,1),(30,93,2,0,0,0,0,0,0,0,0,0,0,0,0,0),(30,95,2,0,0,0,0,0,0,0,0,0,0,0,0,0),(30,97,2,0,0,0,0,0,0,0,0,0,0,0,0,0),(30,105,2,0,0,0,0,0,0,0,0,0,0,0,0,1),(30,106,2,0,0,0,0,0,0,0,0,0,0,0,0,1),(30,108,2,0,0,0,0,0,0,0,0,0,0,0,0,1),(30,110,2,0,0,0,0,0,0,0,0,0,0,0,0,1),(30,122,2,0,0,0,0,0,0,0,0,0,0,0,0,1),(30,123,2,0,0,0,0,0,0,0,0,0,0,0,0,1),(30,126,2,0,0,0,0,0,0,1,1,2,1,1,1,1),(31,60,2,0,0,0,0,0,0,0,0,0,0,0,0,1),(31,61,2,0,0,0,0,0,0,0,0,0,0,0,0,1),(31,62,2,0,0,0,0,0,0,0,0,0,0,0,0,1),(31,80,2,0,0,0,0,0,0,0,0,0,0,0,0,0),(31,81,2,0,0,0,0,0,0,0,0,0,0,0,0,0),(31,85,2,0,0,0,0,0,0,0,0,0,0,0,0,0),(31,88,2,0,0,0,0,0,0,0,0,0,0,0,0,0),(31,92,2,0,0,0,0,0,0,0,0,0,0,0,0,1),(31,93,2,0,0,0,0,0,0,0,0,0,0,0,0,1),(31,95,2,0,0,0,0,0,0,0,0,0,0,0,0,0),(31,97,2,0,0,0,0,0,0,0,0,0,0,0,0,1),(31,105,2,0,0,0,0,0,0,0,0,0,0,0,0,1),(31,106,2,0,0,0,0,0,0,0,0,0,0,0,0,1),(31,108,2,0,0,0,0,0,0,0,0,0,0,0,0,1),(31,110,2,0,0,0,0,0,0,0,0,0,0,0,0,1),(31,122,2,0,0,0,0,0,0,0,0,0,0,0,0,1),(31,123,2,0,0,0,0,0,0,0,0,0,0,0,0,1),(31,126,2,1,0,1,0,0,0,1,0,1,1,2,1,1),(32,60,2,0,0,0,0,0,0,0,0,0,0,0,0,1),(32,61,2,0,0,0,0,0,0,0,0,0,0,0,0,1),(32,62,2,0,0,0,0,0,0,0,0,0,0,0,0,1),(32,80,2,0,0,0,0,0,0,0,0,0,0,0,0,0),(32,81,2,0,0,0,0,0,0,0,0,0,0,0,0,0),(32,85,2,0,0,0,0,0,0,0,0,0,0,0,0,0),(32,88,2,0,0,0,0,0,0,0,0,0,0,0,0,0),(32,92,2,0,0,0,0,0,0,0,0,0,0,0,0,1),(32,93,2,0,0,0,0,0,0,0,0,0,0,0,0,1),(32,95,2,0,0,0,0,0,0,0,0,0,0,0,0,0),(32,97,2,0,0,0,0,0,0,0,0,0,0,0,0,1),(32,105,2,0,0,0,0,0,0,0,0,0,0,0,0,1),(32,106,2,0,0,0,0,0,0,0,0,0,0,0,0,1),(32,108,2,0,0,0,0,0,0,0,0,0,0,0,0,1),(32,110,2,0,0,0,0,0,0,0,0,0,0,0,0,1),(32,122,2,0,0,0,0,0,0,0,0,0,0,0,0,1),(32,123,2,0,0,0,0,0,0,0,0,0,0,0,0,1),(32,126,2,0,0,0,0,0,0,0,0,0,0,0,0,1),(33,60,2,0,0,0,0,0,0,0,0,0,0,0,0,1),(33,61,2,0,0,0,0,0,0,0,0,0,0,0,0,1),(33,62,2,0,0,0,0,0,0,0,0,0,0,0,0,1),(33,80,2,0,0,0,0,0,0,0,0,0,0,0,0,0),(33,81,2,0,0,0,0,0,0,0,0,0,0,0,0,0),(33,85,2,0,0,0,0,0,0,0,0,0,0,0,0,0),(33,88,2,0,0,0,0,0,0,0,0,0,0,0,0,0),(33,92,2,0,0,0,0,0,0,0,0,0,0,0,0,1),(33,93,2,0,0,0,0,0,0,0,0,0,0,0,0,1),(33,95,2,0,0,0,0,0,0,0,0,0,0,0,0,0),(33,97,2,0,0,0,0,0,0,0,0,0,0,0,0,0),(33,105,2,0,0,0,0,0,0,0,0,0,0,0,0,1),(33,106,2,0,0,0,0,0,0,0,0,0,0,0,0,1),(33,108,2,0,0,0,0,0,0,0,0,0,0,0,0,1),(33,110,2,0,0,0,0,0,0,0,0,0,0,0,0,1),(33,122,2,0,0,0,0,0,0,0,0,0,0,0,0,1),(33,123,2,0,0,0,0,0,0,0,0,0,0,0,0,1),(33,126,2,0,0,0,0,0,0,0,0,0,0,0,0,1),(34,60,2,0,0,0,0,0,0,0,0,0,0,0,0,1),(34,61,2,0,0,0,0,0,0,0,0,0,0,0,0,1),(34,62,2,0,0,0,0,0,0,0,0,0,0,0,0,1),(34,80,2,0,0,0,0,0,0,0,0,0,0,0,0,0),(34,81,2,0,0,0,0,0,0,0,0,0,0,0,0,0),(34,85,2,0,0,0,0,0,0,0,0,0,0,0,0,0),(34,88,2,0,0,0,0,0,0,0,0,0,0,0,0,0),(34,92,2,0,0,0,0,0,0,0,0,0,0,0,0,1),(34,93,2,0,0,0,0,0,0,0,0,0,0,0,0,1),(34,95,2,0,0,0,0,0,0,0,0,0,0,0,0,0),(34,97,2,0,0,0,0,0,0,0,0,0,0,0,0,0),(34,105,2,0,0,0,0,0,0,0,0,0,0,0,0,1),(34,106,2,0,0,0,0,0,0,0,0,0,0,0,0,1),(34,108,2,0,0,0,0,0,0,0,0,0,0,0,0,1),(34,110,2,0,0,0,0,0,0,0,0,0,0,0,0,1),(34,122,2,0,0,0,0,0,0,0,0,0,0,0,0,1),(34,123,2,0,0,0,0,0,0,0,0,0,0,0,0,1),(34,126,2,0,0,0,0,0,0,0,0,0,0,0,0,1),(35,60,2,0,0,0,0,0,0,0,0,0,0,0,0,0),(35,61,2,0,0,0,0,0,0,0,0,0,0,0,0,0),(35,62,2,0,0,0,0,0,0,0,0,0,0,0,0,0),(35,80,2,0,0,0,0,0,0,0,0,0,0,0,0,0),(35,81,2,0,0,0,0,0,0,0,0,0,0,0,0,0),(35,85,2,0,0,0,0,0,0,0,0,0,0,0,0,0),(35,88,2,0,0,0,0,0,0,0,0,0,0,0,0,0),(35,92,2,0,0,0,0,0,0,0,0,0,0,0,0,0),(35,93,2,0,0,0,0,0,0,0,0,0,0,0,0,1),(35,95,2,0,0,0,0,0,0,0,0,0,0,0,0,0),(35,97,2,0,0,0,0,0,0,0,0,0,0,0,0,1),(35,105,2,0,0,0,0,0,0,0,0,0,0,0,0,0),(35,106,2,0,0,0,0,0,0,0,0,0,0,0,0,0),(35,108,2,0,0,0,0,0,0,0,0,0,0,0,0,0),(35,110,2,0,0,0,0,0,0,0,0,0,0,0,0,0),(35,122,2,0,0,0,0,0,0,0,0,0,0,0,0,0),(35,123,2,0,0,0,0,0,0,0,0,0,0,0,0,0),(35,126,2,0,0,0,0,0,0,0,0,0,0,0,0,0),(36,60,2,0,0,0,0,0,0,0,0,0,0,0,0,0),(36,61,2,0,0,0,0,0,0,0,0,0,0,0,0,0),(36,62,2,0,0,0,0,0,0,0,0,0,0,0,0,0),(36,80,2,0,0,0,0,0,0,0,0,0,0,0,0,0),(36,81,2,0,0,0,0,0,0,0,0,0,0,0,0,0),(36,85,2,0,0,0,0,0,0,0,0,0,0,0,0,0),(36,88,2,0,0,0,0,0,0,0,0,0,0,0,0,0),(36,92,2,0,0,0,0,0,0,0,0,0,0,0,0,0),(36,93,2,0,0,0,0,0,0,0,0,0,0,0,0,0),(36,95,2,0,0,0,0,0,0,0,0,0,0,0,0,0),(36,97,2,0,0,0,0,0,0,0,0,0,0,0,0,1),(36,105,2,0,0,0,0,0,0,0,0,0,0,0,0,0),(36,106,2,0,0,0,0,0,0,0,0,0,0,0,0,0),(36,108,2,0,0,0,0,0,0,0,0,0,0,0,0,0),(36,110,2,0,0,0,0,0,0,0,0,0,0,0,0,0),(36,122,2,0,0,0,0,0,0,0,0,0,0,0,0,0),(36,123,2,0,0,0,0,0,0,0,0,0,0,0,0,0),(36,126,2,0,0,0,0,0,0,0,0,0,0,0,0,0),(37,60,2,0,0,0,0,0,0,0,0,0,0,0,0,0),(37,61,2,0,0,0,0,0,0,0,0,0,0,0,0,0),(37,62,2,0,0,0,0,0,0,0,0,0,0,0,0,0),(37,80,2,0,0,0,0,0,0,0,0,0,0,0,0,0),(37,81,2,0,0,0,0,0,0,0,0,0,0,0,0,0),(37,85,2,0,0,0,0,0,0,0,0,0,0,0,0,0),(37,88,2,0,0,0,0,0,0,0,0,0,0,0,0,0),(37,92,2,0,0,0,0,0,0,0,0,0,0,0,0,0),(37,93,2,0,0,0,0,0,0,0,0,0,0,0,0,0),(37,95,2,0,0,0,0,0,0,0,0,0,0,0,0,0),(37,97,2,0,0,0,0,0,0,0,0,0,0,0,0,1),(37,105,2,0,0,0,0,0,0,0,0,0,0,0,0,0),(37,106,2,0,0,0,0,0,0,0,0,0,0,0,0,0),(37,108,2,0,0,0,0,0,0,0,0,0,0,0,0,0),(37,110,2,0,0,0,0,0,0,0,0,0,0,0,0,0),(37,122,2,0,0,0,0,0,0,0,0,0,0,0,0,0),(37,123,2,0,0,0,0,0,0,0,0,0,0,0,0,0),(37,126,2,0,0,0,0,0,0,0,0,0,0,0,0,0),(38,60,2,0,0,0,0,0,0,0,0,0,0,0,0,0),(38,61,2,0,0,0,0,0,0,0,0,0,0,0,0,0),(38,62,2,0,0,0,0,0,0,0,0,0,0,0,0,0),(38,80,2,0,0,0,0,0,0,0,0,0,0,0,0,0),(38,81,2,0,0,0,0,0,0,0,0,0,0,0,0,0),(38,85,2,0,0,0,0,0,0,0,0,0,0,0,0,0),(38,88,2,0,0,0,0,0,0,0,0,0,0,0,0,0),(38,92,2,0,0,0,0,0,0,0,0,0,0,0,0,0),(38,93,2,0,0,0,0,0,0,0,0,0,0,0,0,0),(38,95,2,0,0,0,0,0,0,0,0,0,0,0,0,0),(38,97,2,0,0,0,0,0,0,0,0,0,0,0,0,0),(38,105,2,0,0,0,0,0,0,0,0,0,0,0,0,0),(38,106,2,0,0,0,0,0,0,0,0,0,0,0,0,0),(38,108,2,0,0,0,0,0,0,0,0,0,0,0,0,0),(38,110,2,0,0,0,0,0,0,0,0,0,0,0,0,0),(38,122,2,0,0,0,0,0,0,0,0,0,0,0,0,0),(38,123,2,0,0,0,0,0,0,0,0,0,0,0,0,0),(38,126,2,0,0,0,0,0,0,0,0,0,0,0,0,0),(39,60,2,0,0,0,0,0,0,0,0,0,0,0,0,0),(39,61,2,0,0,0,0,0,0,0,0,0,0,0,0,0),(39,62,2,0,0,0,0,0,0,0,0,0,0,0,0,0),(39,80,2,0,0,0,0,0,0,0,0,0,0,0,0,0),(39,81,2,0,0,0,0,0,0,0,0,0,0,0,0,0),(39,85,2,0,0,0,0,0,0,0,0,0,0,0,0,0),(39,88,2,0,0,0,0,0,0,0,0,0,0,0,0,0),(39,92,2,0,0,0,0,0,0,0,0,0,0,0,0,0),(39,93,2,0,0,0,0,0,0,0,0,0,0,0,0,0),(39,95,2,0,0,0,0,0,0,0,0,0,0,0,0,0),(39,97,2,0,0,0,0,0,0,0,0,0,0,0,0,0),(39,105,2,0,0,0,0,0,0,0,0,0,0,0,0,0),(39,106,2,0,0,0,0,0,0,0,0,0,0,0,0,0),(39,108,2,0,0,0,0,0,0,0,0,0,0,0,0,0),(39,110,2,0,0,0,0,0,0,0,0,0,0,0,0,0),(39,122,2,0,0,0,0,0,0,0,0,0,0,0,0,0),(39,123,2,0,0,0,0,0,0,0,0,0,0,0,0,0),(39,126,2,0,0,0,0,0,0,0,0,0,0,0,0,0),(40,60,2,0,0,0,0,0,0,0,0,0,0,0,0,0),(40,61,2,0,0,0,0,0,0,0,0,0,0,0,0,0),(40,62,2,0,0,0,0,0,0,0,0,0,0,0,0,0),(40,80,2,0,0,0,0,0,0,0,0,0,0,0,0,0),(40,81,2,0,0,0,0,0,0,0,0,0,0,0,0,0),(40,85,2,0,0,0,0,0,0,0,0,0,0,0,0,0),(40,88,2,0,0,0,0,0,0,0,0,0,0,0,0,0),(40,92,2,0,0,0,0,0,0,0,0,0,0,0,0,0),(40,93,2,0,0,0,0,0,0,0,0,0,0,0,0,0),(40,95,2,0,0,0,0,0,0,0,0,0,0,0,0,0),(40,97,2,0,0,0,0,0,0,0,0,0,0,0,0,0),(40,105,2,0,0,0,0,0,0,0,0,0,0,0,0,0),(40,106,2,0,0,0,0,0,0,0,0,0,0,0,0,0),(40,108,2,0,0,0,0,0,0,0,0,0,0,0,0,0),(40,110,2,0,0,0,0,0,0,0,0,0,0,0,0,0),(40,122,2,0,0,0,0,0,0,0,0,0,0,0,0,0),(40,123,2,0,0,0,0,0,0,0,0,0,0,0,0,0),(40,126,2,0,0,0,0,0,0,0,0,0,0,0,0,0),(41,60,2,0,0,0,0,0,0,0,0,0,0,0,0,0),(41,61,2,0,0,0,0,0,0,0,0,0,0,0,0,0),(41,62,2,0,0,0,0,0,0,0,0,0,0,0,0,0),(41,80,2,0,0,0,0,0,0,0,0,0,0,0,0,0),(41,81,2,0,0,0,0,0,0,0,0,0,0,0,0,0),(41,85,2,0,0,0,0,0,0,0,0,0,0,0,0,0),(41,88,2,0,0,0,0,0,0,0,0,0,0,0,0,0),(41,92,2,0,0,0,0,0,0,0,0,0,0,0,0,0),(41,93,2,0,0,0,0,0,0,0,0,0,0,0,0,0),(41,95,2,0,0,0,0,0,0,0,0,0,0,0,0,0),(41,97,2,0,0,0,0,0,0,0,0,0,0,0,0,0),(41,105,2,0,0,0,0,0,0,0,0,0,0,0,0,0),(41,106,2,0,0,0,0,0,0,0,0,0,0,0,0,0),(41,108,2,0,0,0,0,0,0,0,0,0,0,0,0,0),(41,110,2,0,0,0,0,0,0,0,0,0,0,0,0,0),(41,122,2,0,0,0,0,0,0,0,0,0,0,0,0,0),(41,123,2,0,0,0,0,0,0,0,0,0,0,0,0,0),(41,126,2,0,0,0,0,0,0,0,0,0,0,0,0,0),(42,60,2,0,0,0,0,0,0,0,0,0,0,0,0,0),(42,61,2,0,0,0,0,0,0,0,0,0,0,0,0,0),(42,62,2,0,0,0,0,0,0,0,0,0,0,0,0,0),(42,80,2,0,0,0,0,0,0,0,0,0,0,0,0,0),(42,81,2,0,0,0,0,0,0,0,0,0,0,0,0,0),(42,85,2,0,0,0,0,0,0,0,0,0,0,0,0,0),(42,88,2,0,0,0,0,0,0,0,0,0,0,0,0,0),(42,92,2,0,0,0,0,0,0,0,0,0,0,0,0,0),(42,93,2,0,0,0,0,0,0,0,0,0,0,0,0,0),(42,95,2,0,0,0,0,0,0,0,0,0,0,0,0,0),(42,97,2,0,0,0,0,0,0,0,0,0,0,0,0,0),(42,105,2,0,0,0,0,0,0,0,0,0,0,0,0,0),(42,106,2,0,0,0,0,0,0,0,0,0,0,0,0,0),(42,108,2,0,0,0,0,0,0,0,0,0,0,0,0,0),(42,110,2,0,0,0,0,0,0,0,0,0,0,0,0,0),(42,122,2,0,0,0,0,0,0,0,0,0,0,0,0,0),(42,123,2,0,0,0,0,0,0,0,0,0,0,0,0,0),(42,126,2,0,0,0,0,0,0,0,0,0,0,0,0,0),(43,60,2,0,0,0,0,0,0,0,0,0,0,0,0,0),(43,61,2,0,0,0,0,0,0,0,0,0,0,0,0,0),(43,62,2,0,0,0,0,0,0,0,0,0,0,0,0,0),(43,80,2,0,0,0,0,0,0,0,0,0,0,0,0,0),(43,81,2,0,0,0,0,0,0,0,0,0,0,0,0,0),(43,85,2,0,0,0,0,0,0,0,0,0,0,0,0,0),(43,88,2,0,0,0,0,0,0,0,0,0,0,0,0,0),(43,92,2,0,0,0,0,0,0,0,0,0,0,0,0,0),(43,93,2,0,0,0,0,0,0,0,0,0,0,0,0,0),(43,95,2,0,0,0,0,0,0,0,0,0,0,0,0,0),(43,97,2,0,0,0,0,0,0,0,0,0,0,0,0,0),(43,105,2,0,0,0,0,0,0,0,0,0,0,0,0,0),(43,106,2,0,0,0,0,0,0,0,0,0,0,0,0,0),(43,108,2,0,0,0,0,0,0,0,0,0,0,0,0,0),(43,110,2,0,0,0,0,0,0,0,0,0,0,0,0,0),(43,122,2,0,0,0,0,0,0,0,0,0,0,0,0,0),(43,123,2,0,0,0,0,0,0,0,0,0,0,0,0,0),(43,126,2,0,0,0,0,0,0,0,0,0,0,0,0,0),(44,60,2,0,0,0,0,0,0,0,0,0,0,0,0,0),(44,61,2,0,0,0,0,0,0,0,0,0,0,0,0,0),(44,62,2,0,0,0,0,0,0,0,0,0,0,0,0,0),(44,80,2,0,0,0,0,0,0,0,0,0,0,0,0,0),(44,81,2,0,0,0,0,0,0,0,0,0,0,0,0,0),(44,85,2,0,0,0,0,0,0,0,0,0,0,0,0,0),(44,88,2,0,0,0,0,0,0,0,0,0,0,0,0,0),(44,92,2,0,0,0,0,0,0,0,0,0,0,0,0,0),(44,93,2,0,0,0,0,0,0,0,0,0,0,0,0,0),(44,95,2,0,0,0,0,0,0,0,0,0,0,0,0,0),(44,97,2,0,0,0,0,0,0,0,0,0,0,0,0,0),(44,105,2,0,0,0,0,0,0,0,0,0,0,0,0,0),(44,106,2,0,0,0,0,0,0,0,0,0,0,0,0,0),(44,108,2,0,0,0,0,0,0,0,0,0,0,0,0,0),(44,110,2,0,0,0,0,0,0,0,0,0,0,0,0,0),(44,122,2,0,0,0,0,0,0,0,0,0,0,0,0,0),(44,123,2,0,0,0,0,0,0,0,0,0,0,0,0,0),(44,126,2,0,0,0,0,0,0,0,0,0,0,0,0,0),(45,66,6,0,0,0,0,0,0,0,0,0,0,0,0,0),(45,67,6,0,0,0,0,0,0,0,0,0,0,0,0,0),(45,73,6,0,0,0,0,0,0,0,0,0,0,0,0,0),(45,94,6,0,0,0,0,0,0,0,0,0,0,0,0,1),(45,100,6,0,0,0,6,0,0,0,0,0,1,2,2,1),(45,121,6,0,0,0,0,0,0,0,0,0,0,0,1,1),(45,123,6,0,0,0,0,0,0,0,0,0,0,0,0,1),(46,66,6,0,0,0,0,0,0,0,0,0,0,0,0,0),(46,67,6,0,0,0,0,0,0,0,0,0,0,0,0,0),(46,73,6,0,0,0,0,0,0,0,0,0,0,0,0,0),(46,94,6,0,0,0,0,0,0,0,0,0,0,0,0,1),(46,100,6,0,0,0,4,0,0,0,0,0,0,0,0,1),(46,121,6,0,0,0,0,0,0,0,0,0,0,0,0,1),(46,123,6,0,0,0,0,0,0,0,0,0,0,0,0,1),(47,66,6,0,0,0,0,0,0,0,0,0,0,0,0,0),(47,67,6,0,0,0,0,0,0,0,0,0,0,0,0,0),(47,73,6,0,0,0,0,0,0,0,0,0,0,0,0,0),(47,94,6,0,0,0,0,0,0,0,0,0,0,0,0,1),(47,100,6,1,0,1,1,0,0,0,1,0,1,2,1,1),(47,121,6,0,0,0,0,0,0,0,0,0,1,0,0,1),(47,123,6,0,0,0,0,0,0,0,0,0,0,0,0,1),(48,66,6,0,0,0,0,0,0,0,0,0,0,0,0,0),(48,67,6,0,0,0,0,0,0,0,0,0,0,0,0,0),(48,73,6,0,0,0,0,0,0,0,0,0,0,0,0,0),(48,94,6,0,0,0,0,0,0,0,0,0,0,0,0,1),(48,100,6,0,0,0,0,0,0,0,0,0,0,0,0,0),(48,121,6,0,0,0,0,0,0,0,0,0,0,0,0,1),(48,123,6,0,0,0,0,0,0,0,0,0,0,0,0,1),(49,66,6,0,0,0,0,0,0,0,0,0,0,0,0,0),(49,67,6,0,0,0,0,0,0,0,0,0,0,0,0,0),(49,73,6,0,0,0,0,0,0,0,0,0,0,0,0,0),(49,94,6,0,0,0,0,0,0,0,0,0,0,0,0,1),(49,100,6,0,0,0,0,0,0,0,0,0,0,0,0,0),(49,121,6,0,0,0,0,0,0,0,0,0,0,0,0,1),(49,123,6,0,0,0,0,0,0,0,0,0,0,0,0,1),(50,66,6,0,0,0,0,0,0,0,0,0,0,0,0,0),(50,67,6,0,0,0,0,0,0,0,0,0,0,0,0,0),(50,73,6,0,0,0,0,0,0,0,0,0,0,0,0,0),(50,94,6,0,0,0,0,0,0,0,0,0,0,0,0,0),(50,100,6,0,0,0,0,0,0,0,0,0,0,0,0,0),(50,121,6,0,0,0,0,0,0,0,0,0,0,0,0,0),(50,123,6,0,0,0,0,0,0,0,0,0,0,0,0,0),(51,66,6,0,0,0,0,0,0,0,0,0,0,0,0,0),(51,67,6,0,0,0,0,0,0,0,0,0,0,0,0,0),(51,73,6,0,0,0,0,0,0,0,0,0,0,0,0,0),(51,94,6,0,0,0,0,0,0,0,0,0,0,0,0,0),(51,100,6,0,0,0,0,0,0,0,0,0,0,0,0,0),(51,121,6,0,0,0,0,0,0,0,0,0,0,0,0,0),(51,123,6,0,0,0,0,0,0,0,0,0,0,0,0,0),(52,66,6,0,0,0,0,0,0,0,0,0,0,0,0,0),(52,67,6,0,0,0,0,0,0,0,0,0,0,0,0,0),(52,73,6,0,0,0,0,0,0,0,0,0,0,0,0,0),(52,94,6,0,0,0,0,0,0,0,0,0,0,0,0,0),(52,100,6,0,0,0,0,0,0,0,0,0,0,0,0,1),(52,121,6,0,0,0,0,0,0,0,0,0,0,0,0,0),(52,123,6,0,0,0,0,0,0,0,0,0,0,0,0,0),(53,66,6,0,0,0,0,0,0,0,0,0,0,0,0,0),(53,67,6,0,0,0,0,0,0,0,0,0,0,0,0,0),(53,73,6,0,0,0,0,0,0,0,0,0,0,0,0,0),(53,94,6,0,0,0,0,0,0,0,0,0,0,0,0,0),(53,100,6,0,0,0,0,0,0,0,0,0,0,0,0,0),(53,121,6,0,0,0,0,0,0,0,0,0,0,0,0,0),(53,123,6,0,0,0,0,0,0,0,0,0,0,0,0,0),(54,66,6,0,0,0,0,0,0,0,0,0,0,0,0,0),(54,67,6,0,0,0,0,0,0,0,0,0,0,0,0,0),(54,73,6,0,0,0,0,0,0,0,0,0,0,0,0,0),(54,94,6,0,0,0,0,0,0,0,0,0,0,0,0,0),(54,100,6,0,0,0,0,0,0,0,0,0,0,0,0,0),(54,121,6,0,0,0,0,0,0,0,0,0,0,0,0,0),(54,123,6,0,0,0,0,0,0,0,0,0,0,0,0,0),(55,66,6,0,0,0,0,0,0,0,0,0,0,0,0,0),(55,67,6,0,0,0,0,0,0,0,0,0,0,0,0,0),(55,73,6,0,0,0,0,0,0,0,0,0,0,0,0,0),(55,94,6,0,0,0,0,0,0,0,0,0,0,0,0,0),(55,100,6,0,0,0,0,0,0,0,0,1,0,1,2,1),(55,121,6,0,0,0,0,0,0,0,0,0,0,0,0,0),(55,123,6,0,0,0,0,0,0,0,0,0,0,0,0,0),(56,66,6,0,0,0,0,0,0,0,0,0,0,0,0,0),(56,67,6,0,0,0,0,0,0,0,0,0,0,0,0,0),(56,73,6,0,0,0,0,0,0,0,0,0,0,0,0,0),(56,94,6,0,0,0,0,0,0,0,0,0,0,0,0,0),(56,100,6,0,0,0,0,0,0,0,0,0,0,0,0,0),(56,121,6,0,0,0,0,0,0,0,0,0,0,0,0,0),(56,123,6,0,0,0,0,0,0,0,0,0,0,0,0,0),(57,66,6,0,0,0,0,0,0,0,0,0,0,0,0,0),(57,67,6,0,0,0,0,0,0,0,0,0,0,0,0,0),(57,73,6,0,0,0,0,0,0,0,0,0,0,0,0,0),(57,94,6,0,0,0,0,0,0,0,0,0,0,0,0,0),(57,100,6,0,0,0,0,0,0,0,0,0,0,0,0,0),(57,121,6,0,0,0,0,0,0,0,0,0,0,0,0,0),(57,123,6,0,0,0,0,0,0,0,0,0,0,0,0,0),(58,66,6,0,0,0,0,0,0,0,0,0,0,0,0,0),(58,67,6,0,0,0,0,0,0,0,0,0,0,0,0,0),(58,73,6,0,0,0,0,0,0,0,0,0,0,0,0,0),(58,94,6,0,0,0,0,0,0,0,0,0,0,0,0,0),(58,100,6,0,0,0,0,0,0,0,0,0,0,0,0,0),(58,121,6,0,0,0,0,0,0,0,0,0,0,0,0,0),(58,123,6,0,0,0,0,0,0,0,0,0,0,0,0,0),(59,83,12,0,0,0,0,0,0,0,0,0,0,0,0,0),(59,84,12,0,0,0,0,0,0,0,0,0,0,0,0,0),(59,89,12,0,0,0,0,0,0,0,0,0,0,0,0,0),(59,90,12,0,0,0,0,0,0,0,0,0,0,0,0,0),(59,91,12,0,0,0,0,0,0,0,0,0,0,0,0,1),(59,96,12,0,0,0,0,0,0,0,0,0,0,0,0,1),(59,98,12,0,0,0,0,0,0,2,3,1,2,0,6,1),(59,112,12,0,0,0,0,0,0,0,0,0,0,0,0,1),(59,124,12,0,0,0,0,0,0,0,0,0,0,0,0,1),(59,125,12,0,0,0,0,0,0,0,0,0,0,0,0,1),(60,83,12,0,0,0,0,0,0,0,0,0,0,0,0,0),(60,84,12,0,0,0,0,0,0,0,0,0,0,0,0,0),(60,89,12,0,0,0,0,0,0,0,0,0,0,0,0,0),(60,90,12,0,0,0,0,0,0,0,0,0,0,0,0,0),(60,91,12,0,0,0,0,0,0,0,0,0,0,0,0,1),(60,96,12,0,0,0,0,0,0,0,0,0,0,0,0,1),(60,98,12,0,0,0,0,0,0,0,5,0,5,0,4,1),(60,112,12,0,0,0,0,0,0,0,0,0,0,0,0,1),(60,124,12,0,0,0,0,0,0,0,0,0,0,0,0,1),(60,125,12,0,0,0,0,0,0,0,0,0,0,0,0,1),(61,83,12,0,0,0,0,0,0,0,0,0,0,0,0,0),(61,84,12,0,0,0,0,0,0,0,0,0,0,0,0,0),(61,89,12,0,0,0,0,0,0,0,2,0,1,0,5,0),(61,90,12,0,0,0,0,0,0,0,0,0,0,0,0,0),(61,91,12,0,0,0,0,0,0,0,0,0,0,0,0,1),(61,96,12,0,0,0,0,0,0,0,0,0,0,0,0,1),(61,98,12,0,0,0,0,0,0,0,3,0,1,0,2,0),(61,112,12,0,0,0,0,0,0,0,0,0,0,0,0,1),(61,124,12,0,0,0,1,0,0,1,0,1,0,1,2,1),(61,125,12,0,0,0,0,0,0,0,0,0,0,0,0,1),(62,83,12,0,0,0,0,0,0,0,0,0,0,0,0,0),(62,84,12,0,0,0,0,0,0,0,0,0,0,0,0,0),(62,89,12,0,0,0,0,0,0,0,0,0,0,0,0,0),(62,90,12,0,0,0,0,0,0,0,0,0,0,0,0,0),(62,91,12,0,0,0,0,0,0,0,0,0,0,0,0,1),(62,96,12,0,0,0,0,0,0,0,0,0,0,0,0,1),(62,98,12,0,0,0,0,0,0,2,1,0,0,1,5,1),(62,112,12,0,0,0,0,0,0,0,0,0,0,0,0,1),(62,124,12,0,0,0,0,0,0,0,0,0,0,0,0,1),(62,125,12,0,0,0,0,0,0,0,0,0,0,0,0,1),(63,83,12,0,0,0,0,0,0,0,0,0,0,0,0,0),(63,84,12,0,0,0,0,0,0,0,0,0,0,0,0,0),(63,89,12,0,0,0,0,0,0,0,0,0,0,0,0,0),(63,90,12,0,0,0,0,0,0,0,0,0,0,0,0,0),(63,91,12,0,0,0,0,0,0,0,0,0,0,0,0,0),(63,96,12,0,0,0,0,0,0,0,0,0,0,0,0,0),(63,98,12,0,0,0,0,0,0,2,1,3,0,2,5,0),(63,112,12,0,0,0,0,0,0,0,0,0,0,0,0,1),(63,124,12,0,0,0,0,0,0,0,0,0,0,0,0,1),(63,125,12,0,0,0,0,0,0,0,0,0,0,0,0,1),(64,83,12,0,0,0,0,0,0,0,0,0,0,0,0,0),(64,84,12,0,0,0,0,0,0,0,0,0,0,0,0,0),(64,89,12,0,0,0,0,0,0,0,0,0,0,0,0,0),(64,90,12,0,0,0,0,0,0,0,0,0,0,0,0,0),(64,91,12,0,0,0,0,0,0,0,0,0,0,0,0,0),(64,96,12,0,0,0,0,0,0,0,0,0,0,0,0,1),(64,98,12,0,0,0,0,0,0,2,1,1,1,0,4,0),(64,112,12,0,0,0,0,0,0,0,0,0,0,0,0,0),(64,124,12,0,0,0,0,0,0,0,0,0,0,0,0,0),(64,125,12,0,0,0,0,0,0,0,0,0,0,0,0,0),(65,83,12,0,0,0,0,0,0,0,0,0,0,0,0,0),(65,84,12,0,0,0,0,0,0,0,0,0,0,0,0,0),(65,89,12,0,0,0,0,0,0,0,0,0,0,0,0,0),(65,90,12,0,0,0,0,0,0,0,0,0,0,0,0,0),(65,91,12,0,0,0,0,0,0,0,0,0,0,0,0,0),(65,96,12,0,0,0,0,0,0,0,0,0,0,0,0,0),(65,98,12,0,0,0,0,0,0,0,2,0,0,0,4,0),(65,112,12,0,0,0,0,0,0,0,0,0,0,0,0,0),(65,124,12,0,0,0,0,0,0,0,0,0,0,0,0,0),(65,125,12,0,0,0,0,0,0,0,0,0,0,0,0,0),(66,83,12,0,0,0,0,0,0,0,0,0,0,0,0,0),(66,84,12,0,0,0,0,0,0,0,0,0,0,0,0,0),(66,89,12,0,0,0,0,0,0,0,0,0,0,0,0,0),(66,90,12,0,0,0,0,0,0,0,0,0,0,0,0,0),(66,91,12,0,0,0,0,0,0,0,0,0,0,0,0,0),(66,96,12,0,0,0,0,0,0,0,0,0,0,0,0,0),(66,98,12,0,0,0,0,0,0,0,0,0,0,0,0,1),(66,112,12,0,0,0,0,0,0,0,0,0,0,0,0,0),(66,124,12,0,0,0,0,0,0,0,0,0,0,0,0,0),(66,125,12,0,0,0,0,0,0,0,0,0,0,0,0,0),(67,83,12,0,0,0,0,0,0,0,0,0,0,0,0,0),(67,84,12,0,0,0,0,0,0,0,0,0,0,0,0,0),(67,89,12,0,0,0,0,0,0,0,0,0,0,0,0,0),(67,90,12,0,0,0,0,0,0,0,0,0,0,0,0,0),(67,91,12,0,0,0,0,0,0,0,0,0,0,0,0,0),(67,96,12,0,0,0,0,0,0,0,0,0,0,0,0,0),(67,98,12,0,0,0,0,0,0,0,0,0,0,0,0,0),(67,112,12,0,0,0,0,0,0,0,0,0,0,0,0,0),(67,124,12,0,0,0,0,0,0,0,0,0,0,0,0,0),(67,125,12,0,0,0,0,0,0,0,0,0,0,0,0,0),(68,83,12,0,0,0,0,0,0,0,0,0,0,0,0,0),(68,84,12,0,0,0,0,0,0,0,0,0,0,0,0,0),(68,89,12,0,0,0,0,0,0,0,0,0,0,0,0,0),(68,90,12,0,0,0,0,0,0,0,0,0,0,0,0,0),(68,91,12,0,0,0,0,0,0,0,0,0,0,0,0,0),(68,96,12,0,0,0,0,0,0,0,0,0,0,0,0,0),(68,98,12,0,0,0,0,0,0,0,0,0,0,0,0,0),(68,112,12,0,0,0,0,0,0,0,0,0,0,0,0,0),(68,124,12,0,0,0,0,0,0,0,0,0,0,0,0,0),(68,125,12,0,0,0,0,0,0,0,0,0,0,0,0,0),(69,83,12,0,0,0,0,0,0,0,0,0,0,0,0,0),(69,84,12,0,0,0,0,0,0,0,0,0,0,0,0,0),(69,89,12,0,0,0,0,0,0,0,0,0,0,0,0,0),(69,90,12,0,0,0,0,0,0,0,0,0,0,0,0,0),(69,91,12,0,0,0,0,0,0,0,0,0,0,0,0,0),(69,96,12,0,0,0,0,0,0,0,0,0,0,0,0,0),(69,98,12,0,0,0,0,0,0,0,0,0,0,0,0,1),(69,112,12,0,0,0,0,0,0,0,0,0,0,0,0,0),(69,124,12,0,0,0,0,0,0,0,0,0,0,0,0,0),(69,125,12,0,0,0,0,0,0,0,0,0,0,0,0,0),(70,83,12,0,0,0,0,0,0,0,0,0,0,0,0,0),(70,84,12,0,0,0,0,0,0,0,0,0,0,0,0,0),(70,89,12,0,0,0,0,0,0,0,0,0,0,0,0,0),(70,90,12,0,0,0,0,0,0,0,0,0,0,0,0,0),(70,91,12,0,0,0,0,0,0,0,0,0,0,0,0,0),(70,96,12,0,0,0,0,0,0,0,0,0,0,0,0,0),(70,98,12,0,0,0,0,0,0,0,0,0,0,0,0,0),(70,112,12,0,0,0,0,0,0,0,0,0,0,0,0,0),(70,124,12,0,0,0,0,0,0,0,0,0,0,0,0,0),(70,125,12,0,0,0,0,0,0,0,0,0,0,0,0,0),(71,83,12,0,0,0,0,0,0,0,0,0,0,0,0,0),(71,84,12,0,0,0,0,0,0,0,0,0,0,0,0,0),(71,89,12,0,0,0,0,0,0,0,0,0,0,0,0,0),(71,90,12,0,0,0,0,0,0,0,0,0,0,0,0,0),(71,91,12,0,0,0,0,0,0,0,0,0,0,0,0,0),(71,96,12,0,0,0,0,0,0,0,0,0,0,0,0,0),(71,98,12,0,0,0,0,0,0,0,0,0,0,0,0,0),(71,112,12,0,0,0,0,0,0,0,0,0,0,0,0,0),(71,124,12,0,0,0,0,0,0,0,0,0,0,0,0,0),(71,125,12,0,0,0,0,0,0,0,0,0,0,0,0,0),(72,83,12,0,0,0,0,0,0,0,0,0,0,0,0,0),(72,84,12,0,0,0,0,0,0,0,0,0,0,0,0,0),(72,89,12,0,0,0,0,0,0,0,0,0,0,0,0,0),(72,90,12,0,0,0,0,0,0,0,0,0,0,0,0,0),(72,91,12,0,0,0,0,0,0,0,0,0,0,0,0,0),(72,96,12,0,0,0,0,0,0,0,0,0,0,0,0,0),(72,98,12,0,0,0,0,0,0,0,0,0,0,0,1,0),(72,112,12,0,0,0,0,0,0,0,0,0,0,0,0,0),(72,124,12,0,0,0,0,0,0,0,0,0,0,0,0,0),(72,125,12,0,0,0,0,0,0,0,0,0,0,0,0,0),(73,83,12,0,0,0,0,0,0,0,0,0,0,0,0,0),(73,84,12,0,0,0,0,0,0,0,0,0,0,0,0,0),(73,89,12,0,0,0,0,0,0,0,0,0,0,0,0,0),(73,90,12,0,0,0,0,0,0,0,0,0,0,0,0,0),(73,91,12,0,0,0,0,0,0,0,0,0,0,0,0,0),(73,96,12,0,0,0,0,0,0,0,0,0,0,0,0,0),(73,98,12,0,0,0,0,0,0,0,1,0,0,0,0,0),(73,112,12,0,0,0,0,0,0,0,0,0,0,0,0,0),(73,124,12,0,0,0,0,0,0,0,0,0,0,0,0,0),(73,125,12,0,0,0,0,0,0,0,0,0,0,0,0,0),(74,50,11,0,0,0,0,0,0,0,0,0,0,0,0,0),(74,56,11,0,0,0,0,0,0,0,0,0,0,0,0,1),(74,57,11,0,0,0,0,0,0,0,0,0,0,0,0,1),(74,58,11,0,0,0,0,0,0,0,0,0,0,0,0,1),(74,59,11,0,0,0,0,0,0,0,0,0,0,0,0,1),(74,63,11,0,0,0,0,0,0,0,0,0,0,0,0,1),(74,64,11,0,0,0,0,0,0,0,0,0,0,0,0,1),(74,65,11,0,0,0,0,0,0,0,0,0,0,0,0,0),(74,68,11,0,0,0,0,0,0,0,0,0,0,0,0,0),(74,69,11,0,0,0,0,0,0,0,0,0,0,0,0,0),(74,70,11,0,0,0,0,0,0,0,0,0,0,0,0,0),(74,71,11,0,0,0,0,0,0,0,0,0,0,0,0,0),(74,72,11,0,0,0,0,0,0,0,0,0,0,0,0,0),(74,73,11,0,0,0,0,0,0,0,0,0,0,0,0,0),(74,74,11,0,0,0,0,0,0,0,0,0,0,0,0,0),(74,75,11,0,0,0,0,0,0,0,0,0,0,0,0,0),(74,76,11,0,0,0,0,0,0,0,0,0,0,0,0,0),(74,78,11,0,0,0,0,0,0,0,0,0,0,0,0,0),(74,79,11,0,0,0,0,0,0,0,0,0,0,0,0,0),(74,80,11,0,0,0,0,0,0,0,0,0,0,0,0,0),(74,81,11,0,0,0,0,0,0,0,0,0,0,0,0,0),(74,83,11,0,0,0,0,0,0,0,0,0,0,0,0,0),(74,84,11,0,0,0,0,0,0,0,0,0,0,0,0,0),(74,85,11,0,0,0,0,0,0,0,0,0,0,0,0,0),(74,86,11,0,0,0,0,0,0,0,0,0,0,0,0,0),(74,87,11,0,0,0,0,0,0,0,0,0,0,0,0,0),(74,88,11,0,0,0,0,0,0,0,0,0,0,0,0,0),(74,89,11,0,0,0,0,0,0,0,0,0,0,0,0,0),(74,90,11,0,0,0,0,0,0,0,0,0,0,0,0,0),(74,91,11,0,0,0,0,0,0,0,0,0,0,0,0,1),(74,92,11,0,0,0,0,0,0,0,0,0,0,0,0,1),(74,93,11,0,0,0,0,0,0,0,0,0,0,0,0,1),(74,96,11,0,0,0,0,0,0,0,0,0,0,0,0,1),(74,99,11,2,0,0,0,0,0,5,1,2,0,4,1,0),(74,100,11,0,0,0,0,0,0,0,0,0,0,1,1,0),(74,101,11,0,0,0,0,0,0,0,0,0,0,0,0,1),(74,102,11,0,0,0,0,0,0,0,0,0,0,0,0,1),(74,104,11,0,0,0,0,0,0,0,0,0,0,0,0,1),(74,105,11,0,0,0,0,0,0,0,0,0,0,0,0,1),(74,106,11,0,0,0,0,0,0,0,0,0,0,0,0,1),(74,107,11,0,0,0,0,0,0,0,0,0,0,0,0,1),(74,108,11,0,0,0,0,0,0,0,0,0,0,0,0,1),(74,109,11,0,0,0,0,0,0,0,0,0,0,0,0,1),(74,110,11,0,0,0,0,0,0,0,0,0,0,0,0,1),(74,111,11,0,0,0,0,0,0,0,0,0,0,0,0,1),(74,112,11,0,0,0,0,0,0,0,0,0,0,0,0,1),(74,114,11,0,0,0,0,0,0,0,0,0,0,0,0,1),(74,115,11,0,0,0,0,0,0,0,0,0,0,0,0,1),(74,116,11,0,0,0,0,0,0,0,0,0,0,0,0,1),(74,117,11,0,0,0,0,0,0,0,0,0,0,0,0,1),(74,118,11,0,0,0,0,0,0,0,0,0,0,0,0,1),(74,119,11,0,0,0,0,0,0,0,0,0,0,0,0,1),(74,120,11,0,0,0,0,0,0,0,0,0,0,0,0,1),(74,121,11,0,0,0,0,0,0,0,0,0,0,0,0,0),(74,122,11,0,0,0,0,0,0,0,0,0,0,0,0,1),(74,127,11,0,0,0,0,0,0,0,0,0,0,0,0,1),(75,50,11,0,0,0,0,0,0,0,0,0,0,0,0,0),(75,56,11,0,0,0,0,0,0,0,0,0,0,0,0,1),(75,57,11,0,0,0,0,0,0,0,0,0,0,0,0,1),(75,58,11,0,0,0,0,0,0,0,0,0,0,0,0,1),(75,59,11,0,0,0,0,0,0,0,0,0,0,0,0,1),(75,63,11,0,0,0,0,0,0,0,0,0,0,0,0,1),(75,64,11,0,0,0,0,0,0,0,0,0,0,0,0,1),(75,65,11,0,0,0,0,0,0,0,0,0,0,0,0,0),(75,68,11,0,0,0,0,0,0,0,0,0,0,0,0,0),(75,69,11,0,0,0,0,0,0,0,0,0,0,0,0,0),(75,70,11,0,0,0,0,0,0,0,0,0,0,0,0,0),(75,71,11,0,0,0,0,0,0,0,0,0,0,0,0,0),(75,72,11,0,0,0,0,0,0,0,0,0,0,0,0,0),(75,73,11,0,0,0,0,0,0,0,0,0,0,0,0,0),(75,74,11,0,0,0,0,0,0,0,0,0,0,0,0,0),(75,75,11,0,0,0,0,0,0,0,0,0,0,0,0,0),(75,76,11,0,0,0,0,0,0,0,0,0,0,0,0,0),(75,78,11,0,0,0,0,0,0,0,0,0,0,0,0,0),(75,79,11,0,0,0,0,0,0,0,0,0,0,0,0,0),(75,80,11,0,0,0,0,0,0,0,0,0,0,0,0,0),(75,81,11,0,0,0,0,0,0,0,0,0,0,0,0,0),(75,83,11,0,0,0,0,0,0,0,0,0,0,0,0,0),(75,84,11,0,0,0,0,0,0,0,0,0,0,0,0,0),(75,85,11,0,0,0,0,0,0,0,0,0,0,0,0,0),(75,86,11,0,0,0,0,0,0,0,0,0,0,0,0,0),(75,87,11,0,0,0,0,0,0,0,0,0,0,0,0,0),(75,88,11,0,0,0,0,0,0,0,0,0,0,0,0,0),(75,89,11,0,0,0,0,0,0,0,0,0,0,0,0,0),(75,90,11,0,0,0,0,0,0,0,0,0,0,0,0,0),(75,91,11,0,0,0,0,0,0,0,0,0,0,0,0,1),(75,92,11,0,0,0,0,0,0,0,0,0,0,0,0,1),(75,93,11,0,0,0,0,0,0,0,0,0,0,0,0,1),(75,96,11,0,0,0,0,0,0,0,0,0,0,0,0,1),(75,99,11,5,0,0,1,0,0,0,1,0,12,2,6,1),(75,100,11,0,0,1,7,0,0,1,1,3,0,2,2,1),(75,101,11,0,0,0,0,0,0,0,0,0,0,0,0,1),(75,102,11,0,0,0,0,0,0,0,0,0,0,0,0,1),(75,104,11,0,0,0,0,0,0,0,0,0,0,0,0,1),(75,105,11,0,0,0,0,0,0,0,0,0,0,0,0,1),(75,106,11,0,0,0,0,0,0,0,0,0,0,0,0,1),(75,107,11,0,0,0,0,0,0,0,0,0,0,0,0,1),(75,108,11,0,0,0,0,0,0,0,0,0,0,0,0,1),(75,109,11,0,0,0,0,0,0,0,0,0,0,0,0,1),(75,110,11,0,0,0,0,0,0,0,0,0,0,0,0,1),(75,111,11,0,0,0,0,0,0,0,0,0,0,0,0,1),(75,112,11,0,0,0,0,0,0,0,0,0,0,0,0,1),(75,114,11,0,0,0,0,0,0,0,0,0,0,0,0,1),(75,115,11,0,0,0,0,0,0,0,0,0,0,0,0,1),(75,116,11,0,0,0,0,0,0,0,0,0,0,0,0,1),(75,117,11,0,0,0,0,0,0,0,0,0,0,0,0,1),(75,118,11,0,0,0,0,0,0,0,0,0,0,0,0,1),(75,119,11,0,0,0,0,0,0,0,0,0,0,0,0,1),(75,120,11,0,0,0,0,0,0,0,0,0,0,0,0,1),(75,121,11,0,0,0,0,0,0,0,0,0,0,0,0,1),(75,122,11,0,0,0,0,0,0,0,0,0,0,0,0,1),(75,127,11,0,0,0,0,0,0,0,1,0,1,1,1,1),(76,50,11,0,0,0,0,0,0,0,0,0,0,0,0,0),(76,56,11,0,0,0,0,0,0,0,0,0,0,0,0,1),(76,57,11,0,0,0,0,0,0,0,0,0,0,0,0,1),(76,58,11,0,0,0,0,0,0,0,0,0,0,0,0,1),(76,59,11,0,0,0,0,0,0,0,0,0,0,0,0,1),(76,63,11,0,0,0,0,0,0,0,0,0,0,0,0,1),(76,64,11,0,0,0,0,0,0,0,0,0,0,0,0,1),(76,65,11,0,0,0,0,0,0,0,0,0,0,0,0,0),(76,68,11,0,0,0,0,0,0,0,0,0,0,0,0,0),(76,69,11,0,0,0,0,0,0,0,0,0,0,0,0,0),(76,70,11,0,0,0,0,0,0,0,0,0,0,0,0,0),(76,71,11,0,0,0,0,0,0,0,0,0,0,0,0,0),(76,72,11,0,0,0,0,0,0,0,0,0,0,0,0,0),(76,73,11,0,0,0,0,0,0,0,0,0,0,0,0,0),(76,74,11,0,0,0,0,0,0,0,0,0,0,0,0,0),(76,75,11,0,0,0,0,0,0,0,0,0,0,0,0,0),(76,76,11,0,0,0,0,0,0,0,0,0,0,0,0,0),(76,78,11,0,0,0,0,0,0,0,0,0,0,0,0,0),(76,79,11,0,0,0,0,0,0,0,0,0,0,0,0,0),(76,80,11,0,0,0,0,0,0,0,0,0,0,0,0,0),(76,81,11,0,0,0,0,0,0,0,0,0,0,0,0,0),(76,83,11,0,0,0,0,0,0,0,0,0,0,0,0,0),(76,84,11,0,0,0,0,0,0,0,0,0,0,0,0,0),(76,85,11,0,0,0,0,0,0,0,0,0,0,0,0,0),(76,86,11,0,0,0,0,0,0,0,0,0,0,0,0,0),(76,87,11,0,0,0,0,0,0,0,0,0,0,0,0,0),(76,88,11,0,0,0,0,0,0,0,0,0,0,0,0,0),(76,89,11,0,0,0,0,0,0,0,0,0,0,0,0,0),(76,90,11,0,0,0,0,0,0,0,0,0,0,0,0,0),(76,91,11,0,0,0,0,0,0,0,0,0,0,0,0,1),(76,92,11,0,0,0,0,0,0,0,0,0,0,0,0,1),(76,93,11,0,0,0,0,0,0,0,0,0,0,0,0,1),(76,96,11,0,0,0,0,0,0,0,0,0,0,0,0,1),(76,99,11,0,0,0,0,0,0,0,0,0,11,1,1,1),(76,100,11,0,0,0,0,0,0,0,0,0,0,0,0,0),(76,101,11,0,0,0,0,0,0,0,0,0,0,0,0,1),(76,102,11,0,0,0,0,0,0,0,0,0,0,0,0,1),(76,104,11,0,0,0,0,0,0,0,0,0,0,0,0,1),(76,105,11,0,0,0,0,0,0,0,0,0,0,0,0,1),(76,106,11,0,0,0,0,0,0,0,0,0,0,0,0,1),(76,107,11,0,0,0,0,0,0,0,0,0,0,0,0,1),(76,108,11,0,0,0,0,0,0,0,0,0,0,0,0,1),(76,109,11,0,0,0,0,0,0,0,0,0,0,0,0,1),(76,110,11,0,0,0,0,0,0,0,0,0,0,0,0,1),(76,111,11,0,0,0,0,0,0,0,0,0,0,0,0,1),(76,112,11,0,0,0,0,0,0,0,0,0,0,0,0,1),(76,114,11,0,0,0,0,0,0,0,0,0,0,0,0,1),(76,115,11,0,0,0,0,0,0,0,0,0,0,0,0,1),(76,116,11,0,0,0,0,0,0,0,0,0,0,0,0,1),(76,117,11,0,0,0,0,0,0,0,0,0,0,0,0,1),(76,118,11,0,0,0,0,0,0,0,0,0,0,0,0,1),(76,119,11,0,0,0,0,0,0,0,0,0,0,0,0,1),(76,120,11,0,0,0,0,0,0,0,0,0,0,0,0,1),(76,121,11,0,0,0,1,0,0,0,0,0,1,0,0,1),(76,122,11,0,0,0,0,0,0,0,0,0,0,0,0,1),(76,127,11,0,0,0,0,0,0,0,0,0,0,0,0,1),(77,50,11,0,0,0,0,0,0,0,0,0,0,0,0,0),(77,56,11,0,0,0,0,0,0,0,0,0,0,0,0,1),(77,57,11,0,0,0,0,0,0,0,0,0,0,0,0,1),(77,58,11,0,0,0,0,0,0,0,0,0,0,0,0,1),(77,59,11,0,0,0,0,0,0,0,0,0,0,0,0,1),(77,63,11,0,0,0,0,0,0,0,0,0,0,0,0,1),(77,64,11,0,0,0,0,0,0,0,0,0,0,0,0,1),(77,65,11,0,0,0,0,0,0,0,0,0,0,0,0,0),(77,68,11,0,0,0,0,0,0,0,0,0,0,0,0,0),(77,69,11,0,0,0,0,0,0,0,0,0,0,0,0,0),(77,70,11,0,0,0,0,0,0,0,0,0,0,0,0,0),(77,71,11,0,0,0,0,0,0,0,0,0,0,0,0,0),(77,72,11,0,0,0,0,0,0,0,0,0,0,0,0,0),(77,73,11,0,0,0,0,0,0,0,0,0,0,0,0,0),(77,74,11,0,0,0,0,0,0,0,0,0,0,0,0,0),(77,75,11,0,0,0,0,0,0,0,0,0,0,0,0,0),(77,76,11,0,0,0,0,0,0,0,0,0,0,0,0,0),(77,78,11,0,0,0,0,0,0,0,0,0,0,0,0,0),(77,79,11,0,0,0,0,0,0,0,0,0,0,0,0,0),(77,80,11,0,0,0,0,0,0,0,0,0,0,0,0,0),(77,81,11,0,0,0,0,0,0,0,0,0,0,0,0,0),(77,83,11,0,0,0,0,0,0,0,0,0,0,0,0,0),(77,84,11,0,0,0,0,0,0,0,0,0,0,0,0,0),(77,85,11,0,0,0,0,0,0,0,0,0,0,0,0,0),(77,86,11,0,0,0,0,0,0,0,0,0,0,0,0,0),(77,87,11,0,0,0,0,0,0,0,0,0,0,0,0,0),(77,88,11,0,0,0,0,0,0,0,0,0,0,0,0,0),(77,89,11,0,0,0,0,0,0,0,0,0,0,0,0,0),(77,90,11,0,0,0,0,0,0,0,0,0,0,0,0,0),(77,91,11,0,0,0,0,0,0,0,0,0,0,0,0,1),(77,92,11,0,0,0,0,0,0,0,0,0,0,0,0,1),(77,93,11,0,0,0,0,0,0,0,0,0,0,0,0,1),(77,96,11,0,0,0,0,0,0,0,0,0,0,0,0,0),(77,99,11,1,0,0,5,0,0,3,1,1,16,3,2,0),(77,100,11,0,0,0,0,0,0,0,0,0,0,0,0,0),(77,101,11,0,0,0,0,0,0,0,0,0,0,0,0,1),(77,102,11,0,0,0,0,0,0,0,0,0,0,0,0,1),(77,104,11,0,0,0,0,0,0,0,0,0,0,0,0,1),(77,105,11,0,0,0,0,0,0,0,0,0,0,0,0,1),(77,106,11,0,0,0,0,0,0,0,0,0,0,0,0,1),(77,107,11,0,0,0,0,0,0,0,0,0,0,0,0,1),(77,108,11,0,0,0,0,0,0,0,0,0,0,0,0,1),(77,109,11,0,0,0,0,0,0,0,0,0,0,0,0,1),(77,110,11,0,0,0,0,0,0,0,0,0,0,0,0,1),(77,111,11,0,0,0,0,0,0,0,0,0,0,0,0,1),(77,112,11,0,0,0,0,0,0,0,0,0,0,0,0,1),(77,114,11,0,0,0,0,0,0,0,0,0,0,0,0,1),(77,115,11,0,0,0,0,0,0,0,0,0,0,0,0,1),(77,116,11,0,0,0,0,0,0,0,0,0,0,0,0,1),(77,117,11,0,0,0,0,0,0,0,0,0,0,0,0,1),(77,118,11,0,0,0,0,0,0,0,0,0,0,0,0,1),(77,119,11,0,0,0,0,0,0,0,0,0,0,0,0,1),(77,120,11,0,0,0,0,0,0,0,0,0,0,0,0,1),(77,121,11,0,0,0,0,0,0,0,0,0,0,0,0,1),(77,122,11,0,0,0,0,0,0,0,0,0,0,0,0,1),(77,127,11,0,0,0,0,0,0,0,0,0,0,0,0,1),(78,50,11,0,0,0,0,0,0,0,0,0,0,0,0,0),(78,56,11,0,0,0,0,0,0,0,0,0,0,0,0,1),(78,57,11,0,0,0,0,0,0,0,0,0,0,0,0,1),(78,58,11,0,0,0,0,0,0,0,0,0,0,0,0,1),(78,59,11,0,0,0,0,0,0,0,0,0,0,0,0,1),(78,63,11,0,0,0,0,0,0,0,0,0,0,0,0,1),(78,64,11,0,0,0,0,0,0,0,0,0,0,0,0,1),(78,65,11,0,0,0,0,0,0,0,0,0,0,0,0,0),(78,68,11,0,0,0,0,0,0,0,0,0,0,0,0,0),(78,69,11,0,0,0,0,0,0,0,0,0,0,0,0,0),(78,70,11,0,0,0,0,0,0,0,0,0,0,0,0,0),(78,71,11,0,0,0,0,0,0,0,0,0,0,0,0,0),(78,72,11,0,0,0,0,0,0,0,0,0,0,0,0,0),(78,73,11,0,0,0,0,0,0,0,0,0,0,0,0,0),(78,74,11,0,0,0,0,0,0,0,0,0,0,0,0,0),(78,75,11,0,0,0,0,0,0,0,0,0,0,0,0,0),(78,76,11,0,0,0,0,0,0,0,0,0,0,0,0,0),(78,78,11,0,0,0,0,0,0,0,0,0,0,0,0,0),(78,79,11,0,0,0,0,0,0,0,0,0,0,0,0,0),(78,80,11,0,0,0,0,0,0,0,0,0,0,0,0,0),(78,81,11,0,0,0,0,0,0,0,0,0,0,0,0,0),(78,83,11,0,0,0,0,0,0,0,0,0,0,0,0,0),(78,84,11,0,0,0,0,0,0,0,0,0,0,0,0,0),(78,85,11,0,0,0,0,0,0,0,0,0,0,0,0,0),(78,86,11,0,0,0,0,0,0,0,0,0,0,0,0,0),(78,87,11,0,0,0,0,0,0,0,0,0,0,0,0,0),(78,88,11,0,0,0,0,0,0,0,0,0,0,0,0,0),(78,89,11,0,0,0,0,0,0,0,0,0,0,0,0,0),(78,90,11,0,0,0,0,0,0,0,0,0,0,0,0,0),(78,91,11,0,0,0,0,0,0,0,0,0,0,0,0,0),(78,92,11,0,0,0,0,0,0,0,0,0,0,0,0,1),(78,93,11,0,0,0,0,0,0,0,0,0,0,0,0,1),(78,96,11,0,0,0,0,0,0,0,0,0,0,0,0,0),(78,99,11,2,0,3,1,0,0,0,1,1,0,1,2,0),(78,100,11,1,0,0,7,0,0,2,0,0,0,0,0,1),(78,101,11,0,0,0,0,0,0,0,0,0,0,0,0,1),(78,102,11,0,0,0,0,0,0,0,0,0,0,0,0,1),(78,104,11,0,0,0,0,0,0,0,0,0,0,0,0,1),(78,105,11,0,0,0,0,0,0,0,0,0,0,0,0,1),(78,106,11,0,0,0,0,0,0,0,0,0,0,0,0,1),(78,107,11,0,0,0,0,0,0,0,0,0,0,0,0,1),(78,108,11,0,0,0,0,0,0,0,0,0,0,0,0,1),(78,109,11,0,0,0,0,0,0,0,0,0,0,0,0,1),(78,110,11,0,0,0,0,0,0,0,0,0,0,0,0,1),(78,111,11,0,0,0,0,0,0,0,0,0,0,0,0,1),(78,112,11,0,0,0,0,0,0,0,0,0,0,0,0,1),(78,114,11,0,0,0,0,0,0,0,0,0,0,0,0,1),(78,115,11,0,0,0,0,0,0,0,0,0,0,0,0,1),(78,116,11,0,0,0,0,0,0,0,0,0,0,0,0,1),(78,117,11,0,0,0,0,0,0,0,0,0,0,0,0,1),(78,118,11,0,0,0,0,0,0,0,0,0,0,0,0,1),(78,119,11,0,0,0,0,0,0,0,0,0,0,0,0,1),(78,120,11,0,0,0,0,0,0,0,0,0,0,0,0,1),(78,121,11,0,0,0,0,0,0,0,0,0,0,0,0,1),(78,122,11,0,0,0,0,0,0,0,0,0,0,0,0,1),(78,127,11,0,0,0,0,0,0,0,0,0,0,0,0,1),(79,50,11,0,0,0,0,0,0,0,0,0,0,0,0,0),(79,56,11,0,0,0,0,0,0,0,0,0,0,0,0,0),(79,57,11,0,0,0,0,0,0,0,0,0,0,0,0,0),(79,58,11,0,0,0,0,0,0,0,0,0,0,0,0,0),(79,59,11,0,0,0,0,0,0,0,0,0,0,0,0,0),(79,63,11,0,0,0,0,0,0,0,0,0,0,0,0,0),(79,64,11,0,0,0,0,0,0,0,0,0,0,0,0,0),(79,65,11,0,0,0,0,0,0,0,0,0,0,0,0,0),(79,68,11,0,0,0,0,0,0,0,0,0,0,0,0,0),(79,69,11,0,0,0,0,0,0,0,0,0,0,0,0,0),(79,70,11,0,0,0,0,0,0,0,0,0,0,0,0,0),(79,71,11,0,0,0,0,0,0,0,0,0,0,0,0,0),(79,72,11,0,0,0,0,0,0,0,0,0,0,0,0,0),(79,73,11,0,0,0,0,0,0,0,0,0,0,0,0,0),(79,74,11,0,0,0,0,0,0,0,0,0,0,0,0,0),(79,75,11,0,0,0,0,0,0,0,0,0,0,0,0,0),(79,76,11,0,0,0,0,0,0,0,0,0,0,0,0,0),(79,78,11,0,0,0,0,0,0,0,0,0,0,0,0,0),(79,79,11,0,0,0,0,0,0,0,0,0,0,0,0,0),(79,80,11,0,0,0,0,0,0,0,0,0,0,0,0,0),(79,81,11,0,0,0,0,0,0,0,0,0,0,0,0,0),(79,83,11,0,0,0,0,0,0,0,0,0,0,0,0,0),(79,84,11,0,0,0,0,0,0,0,0,0,0,0,0,0),(79,85,11,0,0,0,0,0,0,0,0,0,0,0,0,0),(79,86,11,0,0,0,0,0,0,0,0,0,0,0,0,0),(79,87,11,0,0,0,0,0,0,0,0,0,0,0,0,0),(79,88,11,0,0,0,0,0,0,0,0,0,0,0,0,0),(79,89,11,0,0,0,0,0,0,0,0,0,0,0,0,0),(79,90,11,0,0,0,0,0,0,0,0,0,0,0,0,0),(79,91,11,0,0,0,0,0,0,0,0,0,0,0,0,0),(79,92,11,0,0,0,0,0,0,0,0,0,0,0,0,0),(79,93,11,0,0,0,0,0,0,0,0,0,0,0,0,0),(79,96,11,0,0,0,0,0,0,0,0,0,0,0,0,0),(79,99,11,0,0,0,0,0,0,0,0,0,0,0,1,0),(79,100,11,0,0,0,1,0,0,0,2,0,1,1,2,1),(79,101,11,0,0,0,0,0,0,0,0,0,0,0,0,0),(79,102,11,0,0,0,0,0,0,0,0,0,0,0,0,0),(79,104,11,0,0,0,0,0,0,0,0,0,0,0,0,0),(79,105,11,0,0,0,0,0,0,0,0,0,0,0,0,0),(79,106,11,0,0,0,0,0,0,0,0,0,0,0,0,0),(79,107,11,0,0,0,0,0,0,0,0,0,0,0,0,0),(79,108,11,0,0,0,0,0,0,0,0,0,0,0,0,0),(79,109,11,0,0,0,0,0,0,0,0,0,0,0,0,0),(79,110,11,0,0,0,0,0,0,0,0,0,0,0,0,0),(79,111,11,0,0,0,0,0,0,0,0,0,0,0,0,0),(79,112,11,0,0,0,0,0,0,0,0,0,0,0,0,0),(79,114,11,0,0,0,0,0,0,0,0,0,0,0,0,0),(79,115,11,0,0,0,0,0,0,0,0,0,0,0,0,0),(79,116,11,0,0,0,0,0,0,0,0,0,0,0,0,0),(79,117,11,0,0,0,0,0,0,0,0,0,0,0,0,0),(79,118,11,0,0,0,0,0,0,0,0,0,0,0,0,0),(79,119,11,0,0,0,0,0,0,0,0,0,0,0,0,0),(79,120,11,0,0,0,0,0,0,0,0,0,0,0,0,0),(79,121,11,0,0,0,0,0,0,0,0,0,0,0,0,1),(79,122,11,0,0,0,0,0,0,0,0,0,0,0,0,0),(79,127,11,0,0,0,0,0,0,0,0,0,0,0,0,0),(80,50,11,0,0,0,0,0,0,0,0,0,0,0,0,0),(80,56,11,0,0,0,0,0,0,0,0,0,0,0,0,0),(80,57,11,0,0,0,0,0,0,0,0,0,0,0,0,0),(80,58,11,0,0,0,0,0,0,0,0,0,0,0,0,0),(80,59,11,0,0,0,0,0,0,0,0,0,0,0,0,0),(80,63,11,0,0,0,0,0,0,0,0,0,0,0,0,0),(80,64,11,0,0,0,0,0,0,0,0,0,0,0,0,0),(80,65,11,0,0,0,0,0,0,0,0,0,0,0,0,0),(80,68,11,0,0,0,0,0,0,0,0,0,0,0,0,0),(80,69,11,0,0,0,0,0,0,0,0,0,0,0,0,0),(80,70,11,0,0,0,0,0,0,0,0,0,0,0,0,0),(80,71,11,0,0,0,0,0,0,0,0,0,0,0,0,0),(80,72,11,0,0,0,0,0,0,0,0,0,0,0,0,0),(80,73,11,0,0,0,0,0,0,0,0,0,0,0,0,0),(80,74,11,0,0,0,0,0,0,0,0,0,0,0,0,0),(80,75,11,0,0,0,0,0,0,0,0,0,0,0,0,0),(80,76,11,0,0,0,0,0,0,0,0,0,0,0,0,0),(80,78,11,0,0,0,0,0,0,0,0,0,0,0,0,0),(80,79,11,0,0,0,0,0,0,0,0,0,0,0,0,0),(80,80,11,0,0,0,0,0,0,0,0,0,0,0,0,0),(80,81,11,0,0,0,0,0,0,0,0,0,0,0,0,0),(80,83,11,0,0,0,0,0,0,0,0,0,0,0,0,0),(80,84,11,0,0,0,0,0,0,0,0,0,0,0,0,0),(80,85,11,0,0,0,0,0,0,0,0,0,0,0,0,0),(80,86,11,0,0,0,0,0,0,0,0,0,0,0,0,0),(80,87,11,0,0,0,0,0,0,0,0,0,0,0,0,0),(80,88,11,0,0,0,0,0,0,0,0,0,0,0,0,0),(80,89,11,0,0,0,0,0,0,0,0,0,0,0,0,0),(80,90,11,0,0,0,0,0,0,0,0,0,0,0,0,0),(80,91,11,0,0,0,0,0,0,0,0,0,0,0,0,0),(80,92,11,0,0,0,0,0,0,0,0,0,0,0,0,0),(80,93,11,0,0,0,0,0,0,0,0,0,0,0,0,0),(80,96,11,0,0,0,0,0,0,0,0,0,0,0,0,0),(80,99,11,0,0,0,0,0,0,0,0,0,0,0,0,0),(80,100,11,0,0,0,0,0,0,0,0,0,0,0,0,0),(80,101,11,0,0,0,0,0,0,0,0,0,0,0,0,0),(80,102,11,0,0,0,0,0,0,0,0,0,0,0,0,0),(80,104,11,0,0,0,0,0,0,0,0,0,0,0,0,0),(80,105,11,0,0,0,0,0,0,0,0,0,0,0,0,0),(80,106,11,0,0,0,0,0,0,0,0,0,0,0,0,0),(80,107,11,0,0,0,0,0,0,0,0,0,0,0,0,0),(80,108,11,0,0,0,0,0,0,0,0,0,0,0,0,0),(80,109,11,0,0,0,0,0,0,0,0,0,0,0,0,0),(80,110,11,0,0,0,0,0,0,0,0,0,0,0,0,0),(80,111,11,0,0,0,0,0,0,0,0,0,0,0,0,0),(80,112,11,0,0,0,0,0,0,0,0,0,0,0,0,0),(80,114,11,0,0,0,0,0,0,0,0,0,0,0,0,0),(80,115,11,0,0,0,0,0,0,0,0,0,0,0,0,0),(80,116,11,0,0,0,0,0,0,0,0,0,0,0,0,0),(80,117,11,0,0,0,0,0,0,0,0,0,0,0,0,0),(80,118,11,0,0,0,0,0,0,0,0,0,0,0,0,0),(80,119,11,0,0,0,0,0,0,0,0,0,0,0,0,0),(80,120,11,0,0,0,0,0,0,0,0,0,0,0,0,0),(80,121,11,0,0,0,0,0,0,0,0,0,0,0,0,0),(80,122,11,0,0,0,0,0,0,0,0,0,0,0,0,0),(80,127,11,0,0,0,0,0,0,0,0,0,0,0,0,0),(81,50,11,0,0,0,0,0,0,0,0,0,0,0,0,0),(81,56,11,0,0,0,0,0,0,0,0,0,0,0,0,0),(81,57,11,0,0,0,0,0,0,0,0,0,0,0,0,0),(81,58,11,0,0,0,0,0,0,0,0,0,0,0,0,0),(81,59,11,0,0,0,0,0,0,0,0,0,0,0,0,0),(81,63,11,0,0,0,0,0,0,0,0,0,0,0,0,0),(81,64,11,0,0,0,0,0,0,0,0,0,0,0,0,0),(81,65,11,0,0,0,0,0,0,0,0,0,0,0,0,0),(81,68,11,0,0,0,0,0,0,0,0,0,0,0,0,0),(81,69,11,0,0,0,0,0,0,0,0,0,0,0,0,0),(81,70,11,0,0,0,0,0,0,0,0,0,0,0,0,0),(81,71,11,0,0,0,0,0,0,0,0,0,0,0,0,0),(81,72,11,0,0,0,0,0,0,0,0,0,0,0,0,0),(81,73,11,0,0,0,0,0,0,0,0,0,0,0,0,0),(81,74,11,0,0,0,0,0,0,0,0,0,0,0,0,0),(81,75,11,0,0,0,0,0,0,0,0,0,0,0,0,0),(81,76,11,0,0,0,0,0,0,0,0,0,0,0,0,0),(81,78,11,0,0,0,0,0,0,0,0,0,0,0,0,0),(81,79,11,0,0,0,0,0,0,0,0,0,0,0,0,0),(81,80,11,0,0,0,0,0,0,0,0,0,0,0,0,0),(81,81,11,0,0,0,0,0,0,0,0,0,0,0,0,0),(81,83,11,0,0,0,0,0,0,0,0,0,0,0,0,0),(81,84,11,0,0,0,0,0,0,0,0,0,0,0,0,0),(81,85,11,0,0,0,0,0,0,0,0,0,0,0,0,0),(81,86,11,0,0,0,0,0,0,0,0,0,0,0,0,0),(81,87,11,0,0,0,0,0,0,0,0,0,0,0,0,0),(81,88,11,0,0,0,0,0,0,0,0,0,0,0,0,0),(81,89,11,0,0,0,0,0,0,0,0,0,0,0,0,0),(81,90,11,0,0,0,0,0,0,0,0,0,0,0,0,0),(81,91,11,0,0,0,0,0,0,0,0,0,0,0,0,0),(81,92,11,0,0,0,0,0,0,0,0,0,0,0,0,0),(81,93,11,0,0,0,0,0,0,0,0,0,0,0,0,0),(81,96,11,0,0,0,0,0,0,0,0,0,0,0,0,0),(81,99,11,0,0,0,0,0,0,0,0,0,0,0,0,1),(81,100,11,0,0,0,0,0,0,0,0,0,0,0,1,1),(81,101,11,0,0,0,0,0,0,0,0,0,0,0,0,0),(81,102,11,0,0,0,0,0,0,0,0,0,0,0,0,0),(81,104,11,0,0,0,0,0,0,0,0,0,0,0,0,0),(81,105,11,0,0,0,0,0,0,0,0,0,0,0,0,0),(81,106,11,0,0,0,0,0,0,0,0,0,0,0,0,0),(81,107,11,0,0,0,0,0,0,0,0,0,0,0,0,0),(81,108,11,0,0,0,0,0,0,0,0,0,0,0,0,0),(81,109,11,0,0,0,0,0,0,0,0,0,0,0,0,0),(81,110,11,0,0,0,0,0,0,0,0,0,0,0,0,0),(81,111,11,0,0,0,0,0,0,0,0,0,0,0,0,0),(81,112,11,0,0,0,0,0,0,0,0,0,0,0,0,0),(81,114,11,0,0,0,0,0,0,0,0,0,0,0,0,0),(81,115,11,0,0,0,0,0,0,0,0,0,0,0,0,0),(81,116,11,0,0,0,0,0,0,0,0,0,0,0,0,0),(81,117,11,0,0,0,0,0,0,0,0,0,0,0,0,0),(81,118,11,0,0,0,0,0,0,0,0,0,0,0,0,0),(81,119,11,0,0,0,0,0,0,0,0,0,0,0,0,0),(81,120,11,0,0,0,0,0,0,0,0,0,0,0,0,0),(81,121,11,0,0,0,0,0,0,0,0,0,0,0,0,0),(81,122,11,0,0,0,0,0,0,0,0,0,0,0,0,0),(81,127,11,0,0,0,0,0,0,0,0,0,0,0,0,0),(82,50,11,0,0,0,0,0,0,0,0,0,0,0,0,0),(82,56,11,0,0,0,0,0,0,0,0,0,0,0,0,0),(82,57,11,0,0,0,0,0,0,0,0,0,0,0,0,0),(82,58,11,0,0,0,0,0,0,0,0,0,0,0,0,0),(82,59,11,0,0,0,0,0,0,0,0,0,0,0,0,0),(82,63,11,0,0,0,0,0,0,0,0,0,0,0,0,0),(82,64,11,0,0,0,0,0,0,0,0,0,0,0,0,0),(82,65,11,0,0,0,0,0,0,0,0,0,0,0,0,0),(82,68,11,0,0,0,0,0,0,0,0,0,0,0,0,0),(82,69,11,0,0,0,0,0,0,0,0,0,0,0,0,0),(82,70,11,0,0,0,0,0,0,0,0,0,0,0,0,0),(82,71,11,0,0,0,0,0,0,0,0,0,0,0,0,0),(82,72,11,0,0,0,0,0,0,0,0,0,0,0,0,0),(82,73,11,0,0,0,0,0,0,0,0,0,0,0,0,0),(82,74,11,0,0,0,0,0,0,0,0,0,0,0,0,0),(82,75,11,0,0,0,0,0,0,0,0,0,0,0,0,0),(82,76,11,0,0,0,0,0,0,0,0,0,0,0,0,0),(82,78,11,0,0,0,0,0,0,0,0,0,0,0,0,0),(82,79,11,0,0,0,0,0,0,0,0,0,0,0,0,0),(82,80,11,0,0,0,0,0,0,0,0,0,0,0,0,0),(82,81,11,0,0,0,0,0,0,0,0,0,0,0,0,0),(82,83,11,0,0,0,0,0,0,0,0,0,0,0,0,0),(82,84,11,0,0,0,0,0,0,0,0,0,0,0,0,0),(82,85,11,0,0,0,0,0,0,0,0,0,0,0,0,0),(82,86,11,0,0,0,0,0,0,0,0,0,0,0,0,0),(82,87,11,0,0,0,0,0,0,0,0,0,0,0,0,0),(82,88,11,0,0,0,0,0,0,0,0,0,0,0,0,0),(82,89,11,0,0,0,0,0,0,0,0,0,0,0,0,0),(82,90,11,0,0,0,0,0,0,0,0,0,0,0,0,0),(82,91,11,0,0,0,0,0,0,0,0,0,0,0,0,0),(82,92,11,0,0,0,0,0,0,0,0,0,0,0,0,0),(82,93,11,0,0,0,0,0,0,0,0,0,0,0,0,0),(82,96,11,0,0,0,0,0,0,0,0,0,0,0,0,0),(82,99,11,0,0,0,0,0,0,0,0,0,0,0,0,0),(82,100,11,0,0,0,0,0,0,0,0,0,0,0,0,0),(82,101,11,0,0,0,0,0,0,0,0,0,0,0,0,0),(82,102,11,0,0,0,0,0,0,0,0,0,0,0,0,0),(82,104,11,0,0,0,0,0,0,0,0,0,0,0,0,0),(82,105,11,0,0,0,0,0,0,0,0,0,0,0,0,0),(82,106,11,0,0,0,0,0,0,0,0,0,0,0,0,0),(82,107,11,0,0,0,0,0,0,0,0,0,0,0,0,0),(82,108,11,0,0,0,0,0,0,0,0,0,0,0,0,0),(82,109,11,0,0,0,0,0,0,0,0,0,0,0,0,0),(82,110,11,0,0,0,0,0,0,0,0,0,0,0,0,0),(82,111,11,0,0,0,0,0,0,0,0,0,0,0,0,0),(82,112,11,0,0,0,0,0,0,0,0,0,0,0,0,0),(82,114,11,0,0,0,0,0,0,0,0,0,0,0,0,0),(82,115,11,0,0,0,0,0,0,0,0,0,0,0,0,0),(82,116,11,0,0,0,0,0,0,0,0,0,0,0,0,0),(82,117,11,0,0,0,0,0,0,0,0,0,0,0,0,0),(82,118,11,0,0,0,0,0,0,0,0,0,0,0,0,0),(82,119,11,0,0,0,0,0,0,0,0,0,0,0,0,0),(82,120,11,0,0,0,0,0,0,0,0,0,0,0,0,0),(82,121,11,0,0,0,0,0,0,0,0,0,0,0,0,0),(82,122,11,0,0,0,0,0,0,0,0,0,0,0,0,0),(82,127,11,0,0,0,0,0,0,0,0,0,0,0,0,0),(83,50,11,0,0,0,0,0,0,0,0,0,0,0,0,0),(83,56,11,0,0,0,0,0,0,0,0,0,0,0,0,0),(83,57,11,0,0,0,0,0,0,0,0,0,0,0,0,0),(83,58,11,0,0,0,0,0,0,0,0,0,0,0,0,0),(83,59,11,0,0,0,0,0,0,0,0,0,0,0,0,0),(83,63,11,0,0,0,0,0,0,0,0,0,0,0,0,0),(83,64,11,0,0,0,0,0,0,0,0,0,0,0,0,0),(83,65,11,0,0,0,0,0,0,0,0,0,0,0,0,0),(83,68,11,0,0,0,0,0,0,0,0,0,0,0,0,0),(83,69,11,0,0,0,0,0,0,0,0,0,0,0,0,0),(83,70,11,0,0,0,0,0,0,0,0,0,0,0,0,0),(83,71,11,0,0,0,0,0,0,0,0,0,0,0,0,0),(83,72,11,0,0,0,0,0,0,0,0,0,0,0,0,0),(83,73,11,0,0,0,0,0,0,0,0,0,0,0,0,0),(83,74,11,0,0,0,0,0,0,0,0,0,0,0,0,0),(83,75,11,0,0,0,0,0,0,0,0,0,0,0,0,0),(83,76,11,0,0,0,0,0,0,0,0,0,0,0,0,0),(83,78,11,0,0,0,0,0,0,0,0,0,0,0,0,0),(83,79,11,0,0,0,0,0,0,0,0,0,0,0,0,0),(83,80,11,0,0,0,0,0,0,0,0,0,0,0,0,0),(83,81,11,0,0,0,0,0,0,0,0,0,0,0,0,0),(83,83,11,0,0,0,0,0,0,0,0,0,0,0,0,0),(83,84,11,0,0,0,0,0,0,0,0,0,0,0,0,0),(83,85,11,0,0,0,0,0,0,0,0,0,0,0,0,0),(83,86,11,0,0,0,0,0,0,0,0,0,0,0,0,0),(83,87,11,0,0,0,0,0,0,0,0,0,0,0,0,0),(83,88,11,0,0,0,0,0,0,0,0,0,0,0,0,0),(83,89,11,0,0,0,0,0,0,0,0,0,0,0,0,0),(83,90,11,0,0,0,0,0,0,0,0,0,0,0,0,0),(83,91,11,0,0,0,0,0,0,0,0,0,0,0,0,0),(83,92,11,0,0,0,0,0,0,0,0,0,0,0,0,0),(83,93,11,0,0,0,0,0,0,0,0,0,0,0,0,0),(83,96,11,0,0,0,0,0,0,0,0,0,0,0,0,0),(83,99,11,0,0,0,0,0,0,0,0,0,0,0,0,1),(83,100,11,0,0,0,0,0,0,0,0,0,0,0,0,0),(83,101,11,0,0,0,0,0,0,0,0,0,0,0,0,0),(83,102,11,0,0,0,0,0,0,0,0,0,0,0,0,0),(83,104,11,0,0,0,0,0,0,0,0,0,0,0,0,0),(83,105,11,0,0,0,0,0,0,0,0,0,0,0,0,0),(83,106,11,0,0,0,0,0,0,0,0,0,0,0,0,0),(83,107,11,0,0,0,0,0,0,0,0,0,0,0,0,0),(83,108,11,0,0,0,0,0,0,0,0,0,0,0,0,0),(83,109,11,0,0,0,0,0,0,0,0,0,0,0,0,0),(83,110,11,0,0,0,0,0,0,0,0,0,0,0,0,0),(83,111,11,0,0,0,0,0,0,0,0,0,0,0,0,0),(83,112,11,0,0,0,0,0,0,0,0,0,0,0,0,0),(83,114,11,0,0,0,0,0,0,0,0,0,0,0,0,0),(83,115,11,0,0,0,0,0,0,0,0,0,0,0,0,0),(83,116,11,0,0,0,0,0,0,0,0,0,0,0,0,0),(83,117,11,0,0,0,0,0,0,0,0,0,0,0,0,0),(83,118,11,0,0,0,0,0,0,0,0,0,0,0,0,0),(83,119,11,0,0,0,0,0,0,0,0,0,0,0,0,0),(83,120,11,0,0,0,0,0,0,0,0,0,0,0,0,0),(83,121,11,0,0,0,0,0,0,0,0,0,0,0,0,0),(83,122,11,0,0,0,0,0,0,0,0,0,0,0,0,0),(83,127,11,0,0,0,0,0,0,0,0,0,0,0,0,0),(84,50,11,0,0,0,0,0,0,0,0,0,0,0,0,0),(84,56,11,0,0,0,0,0,0,0,0,0,0,0,0,0),(84,57,11,0,0,0,0,0,0,0,0,0,0,0,0,0),(84,58,11,0,0,0,0,0,0,0,0,0,0,0,0,0),(84,59,11,0,0,0,0,0,0,0,0,0,0,0,0,0),(84,63,11,0,0,0,0,0,0,0,0,0,0,0,0,0),(84,64,11,0,0,0,0,0,0,0,0,0,0,0,0,0),(84,65,11,0,0,0,0,0,0,0,0,0,0,0,0,0),(84,68,11,0,0,0,0,0,0,0,0,0,0,0,0,0),(84,69,11,0,0,0,0,0,0,0,0,0,0,0,0,0),(84,70,11,0,0,0,0,0,0,0,0,0,0,0,0,0),(84,71,11,0,0,0,0,0,0,0,0,0,0,0,0,0),(84,72,11,0,0,0,0,0,0,0,0,0,0,0,0,0),(84,73,11,0,0,0,0,0,0,0,0,0,0,0,0,0),(84,74,11,0,0,0,0,0,0,0,0,0,0,0,0,0),(84,75,11,0,0,0,0,0,0,0,0,0,0,0,0,0),(84,76,11,0,0,0,0,0,0,0,0,0,0,0,0,0),(84,78,11,0,0,0,0,0,0,0,0,0,0,0,0,0),(84,79,11,0,0,0,0,0,0,0,0,0,0,0,0,0),(84,80,11,0,0,0,0,0,0,0,0,0,0,0,0,0),(84,81,11,0,0,0,0,0,0,0,0,0,0,0,0,0),(84,83,11,0,0,0,0,0,0,0,0,0,0,0,0,0),(84,84,11,0,0,0,0,0,0,0,0,0,0,0,0,0),(84,85,11,0,0,0,0,0,0,0,0,0,0,0,0,0),(84,86,11,0,0,0,0,0,0,0,0,0,0,0,0,0),(84,87,11,0,0,0,0,0,0,0,0,0,0,0,0,0),(84,88,11,0,0,0,0,0,0,0,0,0,0,0,0,0),(84,89,11,0,0,0,0,0,0,0,0,0,0,0,0,0),(84,90,11,0,0,0,0,0,0,0,0,0,0,0,0,0),(84,91,11,0,0,0,0,0,0,0,0,0,0,0,0,0),(84,92,11,0,0,0,0,0,0,0,0,0,0,0,0,0),(84,93,11,0,0,0,0,0,0,0,0,0,0,0,0,0),(84,96,11,0,0,0,0,0,0,0,0,0,0,0,0,0),(84,99,11,0,0,0,0,0,0,0,0,0,0,0,0,0),(84,100,11,0,0,0,0,0,0,0,0,0,0,0,0,1),(84,101,11,0,0,0,0,0,0,0,0,0,0,0,0,0),(84,102,11,0,0,0,0,0,0,0,0,0,0,0,0,0),(84,104,11,0,0,0,0,0,0,0,0,0,0,0,0,0),(84,105,11,0,0,0,0,0,0,0,0,0,0,0,0,0),(84,106,11,0,0,0,0,0,0,0,0,0,0,0,0,0),(84,107,11,0,0,0,0,0,0,0,0,0,0,0,0,0),(84,108,11,0,0,0,0,0,0,0,0,0,0,0,0,0),(84,109,11,0,0,0,0,0,0,0,0,0,0,0,0,0),(84,110,11,0,0,0,0,0,0,0,0,0,0,0,0,0),(84,111,11,0,0,0,0,0,0,0,0,0,0,0,0,0),(84,112,11,0,0,0,0,0,0,0,0,0,0,0,0,0),(84,114,11,0,0,0,0,0,0,0,0,0,0,0,0,0),(84,115,11,0,0,0,0,0,0,0,0,0,0,0,0,0),(84,116,11,0,0,0,0,0,0,0,0,0,0,0,0,0),(84,117,11,0,0,0,0,0,0,0,0,0,0,0,0,0),(84,118,11,0,0,0,0,0,0,0,0,0,0,0,0,0),(84,119,11,0,0,0,0,0,0,0,0,0,0,0,0,0),(84,120,11,0,0,0,0,0,0,0,0,0,0,0,0,0),(84,121,11,0,0,0,0,0,0,0,0,0,0,0,0,0),(84,122,11,0,0,0,0,0,0,0,0,0,0,0,0,0),(84,127,11,0,0,0,0,0,0,0,0,0,0,0,0,0),(85,50,11,0,0,0,0,0,0,0,0,0,0,0,0,0),(85,56,11,0,0,0,0,0,0,0,0,0,0,0,0,0),(85,57,11,0,0,0,0,0,0,0,0,0,0,0,0,0),(85,58,11,0,0,0,0,0,0,0,0,0,0,0,0,0),(85,59,11,0,0,0,0,0,0,0,0,0,0,0,0,0),(85,63,11,0,0,0,0,0,0,0,0,0,0,0,0,0),(85,64,11,0,0,0,0,0,0,0,0,0,0,0,0,0),(85,65,11,0,0,0,0,0,0,0,0,0,0,0,0,0),(85,68,11,0,0,0,0,0,0,0,0,0,0,0,0,0),(85,69,11,0,0,0,0,0,0,0,0,0,0,0,0,0),(85,70,11,0,0,0,0,0,0,0,0,0,0,0,0,0),(85,71,11,0,0,0,0,0,0,0,0,0,0,0,0,0),(85,72,11,0,0,0,0,0,0,0,0,0,0,0,0,0),(85,73,11,0,0,0,0,0,0,0,0,0,0,0,0,0),(85,74,11,0,0,0,0,0,0,0,0,0,0,0,0,0),(85,75,11,0,0,0,0,0,0,0,0,0,0,0,0,0),(85,76,11,0,0,0,0,0,0,0,0,0,0,0,0,0),(85,78,11,0,0,0,0,0,0,0,0,0,0,0,0,0),(85,79,11,0,0,0,0,0,0,0,0,0,0,0,0,0),(85,80,11,0,0,0,0,0,0,0,0,0,0,0,0,0),(85,81,11,0,0,0,0,0,0,0,0,0,0,0,0,0),(85,83,11,0,0,0,0,0,0,0,0,0,0,0,0,0),(85,84,11,0,0,0,0,0,0,0,0,0,0,0,0,0),(85,85,11,0,0,0,0,0,0,0,0,0,0,0,0,0),(85,86,11,0,0,0,0,0,0,0,0,0,0,0,0,0),(85,87,11,0,0,0,0,0,0,0,0,0,0,0,0,0),(85,88,11,0,0,0,0,0,0,0,0,0,0,0,0,0),(85,89,11,0,0,0,0,0,0,0,0,0,0,0,0,0),(85,90,11,0,0,0,0,0,0,0,0,0,0,0,0,0),(85,91,11,0,0,0,0,0,0,0,0,0,0,0,0,0),(85,92,11,0,0,0,0,0,0,0,0,0,0,0,0,0),(85,93,11,0,0,0,0,0,0,0,0,0,0,0,0,0),(85,96,11,0,0,0,0,0,0,0,0,0,0,0,0,0),(85,99,11,0,0,0,0,0,0,0,0,0,0,0,0,0),(85,100,11,0,0,0,0,0,0,0,0,0,0,0,0,0),(85,101,11,0,0,0,0,0,0,0,0,0,0,0,0,0),(85,102,11,0,0,0,0,0,0,0,0,0,0,0,0,0),(85,104,11,0,0,0,0,0,0,0,0,0,0,0,0,0),(85,105,11,0,0,0,0,0,0,0,0,0,0,0,0,0),(85,106,11,0,0,0,0,0,0,0,0,0,0,0,0,0),(85,107,11,0,0,0,0,0,0,0,0,0,0,0,0,0),(85,108,11,0,0,0,0,0,0,0,0,0,0,0,0,0),(85,109,11,0,0,0,0,0,0,0,0,0,0,0,0,0),(85,110,11,0,0,0,0,0,0,0,0,0,0,0,0,0),(85,111,11,0,0,0,0,0,0,0,0,0,0,0,0,0),(85,112,11,0,0,0,0,0,0,0,0,0,0,0,0,0),(85,114,11,0,0,0,0,0,0,0,0,0,0,0,0,0),(85,115,11,0,0,0,0,0,0,0,0,0,0,0,0,0),(85,116,11,0,0,0,0,0,0,0,0,0,0,0,0,0),(85,117,11,0,0,0,0,0,0,0,0,0,0,0,0,0),(85,118,11,0,0,0,0,0,0,0,0,0,0,0,0,0),(85,119,11,0,0,0,0,0,0,0,0,0,0,0,0,0),(85,120,11,0,0,0,0,0,0,0,0,0,0,0,0,0),(85,121,11,0,0,0,0,0,0,0,0,0,0,0,0,0),(85,122,11,0,0,0,0,0,0,0,0,0,0,0,0,0),(85,127,11,0,0,0,0,0,0,0,0,0,0,0,0,0),(86,50,11,0,0,0,0,0,0,0,0,0,0,0,0,0),(86,56,11,0,0,0,0,0,0,0,0,0,0,0,0,0),(86,57,11,0,0,0,0,0,0,0,0,0,0,0,0,0),(86,58,11,0,0,0,0,0,0,0,0,0,0,0,0,0),(86,59,11,0,0,0,0,0,0,0,0,0,0,0,0,0),(86,63,11,0,0,0,0,0,0,0,0,0,0,0,0,0),(86,64,11,0,0,0,0,0,0,0,0,0,0,0,0,0),(86,65,11,0,0,0,0,0,0,0,0,0,0,0,0,0),(86,68,11,0,0,0,0,0,0,0,0,0,0,0,0,0),(86,69,11,0,0,0,0,0,0,0,0,0,0,0,0,0),(86,70,11,0,0,0,0,0,0,0,0,0,0,0,0,0),(86,71,11,0,0,0,0,0,0,0,0,0,0,0,0,0),(86,72,11,0,0,0,0,0,0,0,0,0,0,0,0,0),(86,73,11,0,0,0,0,0,0,0,0,0,0,0,0,0),(86,74,11,0,0,0,0,0,0,0,0,0,0,0,0,0),(86,75,11,0,0,0,0,0,0,0,0,0,0,0,0,0),(86,76,11,0,0,0,0,0,0,0,0,0,0,0,0,0),(86,78,11,0,0,0,0,0,0,0,0,0,0,0,0,0),(86,79,11,0,0,0,0,0,0,0,0,0,0,0,0,0),(86,80,11,0,0,0,0,0,0,0,0,0,0,0,0,0),(86,81,11,0,0,0,0,0,0,0,0,0,0,0,0,0),(86,83,11,0,0,0,0,0,0,0,0,0,0,0,0,0),(86,84,11,0,0,0,0,0,0,0,0,0,0,0,0,0),(86,85,11,0,0,0,0,0,0,0,0,0,0,0,0,0),(86,86,11,0,0,0,0,0,0,0,0,0,0,0,0,0),(86,87,11,0,0,0,0,0,0,0,0,0,0,0,0,0),(86,88,11,0,0,0,0,0,0,0,0,0,0,0,0,0),(86,89,11,0,0,0,0,0,0,0,0,0,0,0,0,0),(86,90,11,0,0,0,0,0,0,0,0,0,0,0,0,0),(86,91,11,0,0,0,0,0,0,0,0,0,0,0,0,0),(86,92,11,0,0,0,0,0,0,0,0,0,0,0,0,0),(86,93,11,0,0,0,0,0,0,0,0,0,0,0,0,0),(86,96,11,0,0,0,0,0,0,0,0,0,0,0,0,0),(86,99,11,0,0,0,0,0,0,0,0,0,0,0,0,0),(86,100,11,0,0,0,0,0,0,0,0,0,0,0,0,0),(86,101,11,0,0,0,0,0,0,0,0,0,0,0,0,0),(86,102,11,0,0,0,0,0,0,0,0,0,0,0,0,0),(86,104,11,0,0,0,0,0,0,0,0,0,0,0,0,0),(86,105,11,0,0,0,0,0,0,0,0,0,0,0,0,0),(86,106,11,0,0,0,0,0,0,0,0,0,0,0,0,0),(86,107,11,0,0,0,0,0,0,0,0,0,0,0,0,0),(86,108,11,0,0,0,0,0,0,0,0,0,0,0,0,0),(86,109,11,0,0,0,0,0,0,0,0,0,0,0,0,0),(86,110,11,0,0,0,0,0,0,0,0,0,0,0,0,0),(86,111,11,0,0,0,0,0,0,0,0,0,0,0,0,0),(86,112,11,0,0,0,0,0,0,0,0,0,0,0,0,0),(86,114,11,0,0,0,0,0,0,0,0,0,0,0,0,0),(86,115,11,0,0,0,0,0,0,0,0,0,0,0,0,0),(86,116,11,0,0,0,0,0,0,0,0,0,0,0,0,0),(86,117,11,0,0,0,0,0,0,0,0,0,0,0,0,0),(86,118,11,0,0,0,0,0,0,0,0,0,0,0,0,0),(86,119,11,0,0,0,0,0,0,0,0,0,0,0,0,0),(86,120,11,0,0,0,0,0,0,0,0,0,0,0,0,0),(86,121,11,0,0,0,0,0,0,0,0,0,0,0,0,0),(86,122,11,0,0,0,0,0,0,0,0,0,0,0,0,0),(86,127,11,0,0,0,0,0,0,0,0,0,0,0,0,0),(87,50,11,0,0,0,0,0,0,0,0,0,0,0,0,0),(87,56,11,0,0,0,0,0,0,0,0,0,0,0,0,0),(87,57,11,0,0,0,0,0,0,0,0,0,0,0,0,0),(87,58,11,0,0,0,0,0,0,0,0,0,0,0,0,0),(87,59,11,0,0,0,0,0,0,0,0,0,0,0,0,0),(87,63,11,0,0,0,0,0,0,0,0,0,0,0,0,0),(87,64,11,0,0,0,0,0,0,0,0,0,0,0,0,0),(87,65,11,0,0,0,0,0,0,0,0,0,0,0,0,0),(87,68,11,0,0,0,0,0,0,0,0,0,0,0,0,0),(87,69,11,0,0,0,0,0,0,0,0,0,0,0,0,0),(87,70,11,0,0,0,0,0,0,0,0,0,0,0,0,0),(87,71,11,0,0,0,0,0,0,0,0,0,0,0,0,0),(87,72,11,0,0,0,0,0,0,0,0,0,0,0,0,0),(87,73,11,0,0,0,0,0,0,0,0,0,0,0,0,0),(87,74,11,0,0,0,0,0,0,0,0,0,0,0,0,0),(87,75,11,0,0,0,0,0,0,0,0,0,0,0,0,0),(87,76,11,0,0,0,0,0,0,0,0,0,0,0,0,0),(87,78,11,0,0,0,0,0,0,0,0,0,0,0,0,0),(87,79,11,0,0,0,0,0,0,0,0,0,0,0,0,0),(87,80,11,0,0,0,0,0,0,0,0,0,0,0,0,0),(87,81,11,0,0,0,0,0,0,0,0,0,0,0,0,0),(87,83,11,0,0,0,0,0,0,0,0,0,0,0,0,0),(87,84,11,0,0,0,0,0,0,0,0,0,0,0,0,0),(87,85,11,0,0,0,0,0,0,0,0,0,0,0,0,0),(87,86,11,0,0,0,0,0,0,0,0,0,0,0,0,0),(87,87,11,0,0,0,0,0,0,0,0,0,0,0,0,0),(87,88,11,0,0,0,0,0,0,0,0,0,0,0,0,0),(87,89,11,0,0,0,0,0,0,0,0,0,0,0,0,0),(87,90,11,0,0,0,0,0,0,0,0,0,0,0,0,0),(87,91,11,0,0,0,0,0,0,0,0,0,0,0,0,0),(87,92,11,0,0,0,0,0,0,0,0,0,0,0,0,0),(87,93,11,0,0,0,0,0,0,0,0,0,0,0,0,0),(87,96,11,0,0,0,0,0,0,0,0,0,0,0,0,0),(87,99,11,0,0,0,0,0,0,0,0,0,0,0,0,0),(87,100,11,0,0,0,0,0,0,0,0,0,0,0,0,0),(87,101,11,0,0,0,0,0,0,0,0,0,0,0,0,0),(87,102,11,0,0,0,0,0,0,0,0,0,0,0,0,0),(87,104,11,0,0,0,0,0,0,0,0,0,0,0,0,0),(87,105,11,0,0,0,0,0,0,0,0,0,0,0,0,0),(87,106,11,0,0,0,0,0,0,0,0,0,0,0,0,0),(87,107,11,0,0,0,0,0,0,0,0,0,0,0,0,0),(87,108,11,0,0,0,0,0,0,0,0,0,0,0,0,0),(87,109,11,0,0,0,0,0,0,0,0,0,0,0,0,0),(87,110,11,0,0,0,0,0,0,0,0,0,0,0,0,0),(87,111,11,0,0,0,0,0,0,0,0,0,0,0,0,0),(87,112,11,0,0,0,0,0,0,0,0,0,0,0,0,0),(87,114,11,0,0,0,0,0,0,0,0,0,0,0,0,0),(87,115,11,0,0,0,0,0,0,0,0,0,0,0,0,0),(87,116,11,0,0,0,0,0,0,0,0,0,0,0,0,0),(87,117,11,0,0,0,0,0,0,0,0,0,0,0,0,0),(87,118,11,0,0,0,0,0,0,0,0,0,0,0,0,0),(87,119,11,0,0,0,0,0,0,0,0,0,0,0,0,0),(87,120,11,0,0,0,0,0,0,0,0,0,0,0,0,0),(87,121,11,0,0,0,0,0,0,0,0,0,0,0,0,0),(87,122,11,0,0,0,0,0,0,0,0,0,0,0,0,0),(87,127,11,0,0,0,0,0,0,0,0,0,0,0,0,0),(88,50,11,0,0,0,0,0,0,0,0,0,0,0,0,0),(88,56,11,0,0,0,0,0,0,0,0,0,0,0,0,0),(88,57,11,0,0,0,0,0,0,0,0,0,0,0,0,0),(88,58,11,0,0,0,0,0,0,0,0,0,0,0,0,0),(88,59,11,0,0,0,0,0,0,0,0,0,0,0,0,0),(88,63,11,0,0,0,0,0,0,0,0,0,0,0,0,0),(88,64,11,0,0,0,0,0,0,0,0,0,0,0,0,0),(88,65,11,0,0,0,0,0,0,0,0,0,0,0,0,0),(88,68,11,0,0,0,0,0,0,0,0,0,0,0,0,0),(88,69,11,0,0,0,0,0,0,0,0,0,0,0,0,0),(88,70,11,0,0,0,0,0,0,0,0,0,0,0,0,0),(88,71,11,0,0,0,0,0,0,0,0,0,0,0,0,0),(88,72,11,0,0,0,0,0,0,0,0,0,0,0,0,0),(88,73,11,0,0,0,0,0,0,0,0,0,0,0,0,0),(88,74,11,0,0,0,0,0,0,0,0,0,0,0,0,0),(88,75,11,0,0,0,0,0,0,0,0,0,0,0,0,0),(88,76,11,0,0,0,0,0,0,0,0,0,0,0,0,0),(88,78,11,0,0,0,0,0,0,0,0,0,0,0,0,0),(88,79,11,0,0,0,0,0,0,0,0,0,0,0,0,0),(88,80,11,0,0,0,0,0,0,0,0,0,0,0,0,0),(88,81,11,0,0,0,0,0,0,0,0,0,0,0,0,0),(88,83,11,0,0,0,0,0,0,0,0,0,0,0,0,0),(88,84,11,0,0,0,0,0,0,0,0,0,0,0,0,0),(88,85,11,0,0,0,0,0,0,0,0,0,0,0,0,0),(88,86,11,0,0,0,0,0,0,0,0,0,0,0,0,0),(88,87,11,0,0,0,0,0,0,0,0,0,0,0,0,0),(88,88,11,0,0,0,0,0,0,0,0,0,0,0,0,0),(88,89,11,0,0,0,0,0,0,0,0,0,0,0,0,0),(88,90,11,0,0,0,0,0,0,0,0,0,0,0,0,0),(88,91,11,0,0,0,0,0,0,0,0,0,0,0,0,0),(88,92,11,0,0,0,0,0,0,0,0,0,0,0,0,0),(88,93,11,0,0,0,0,0,0,0,0,0,0,0,0,0),(88,96,11,0,0,0,0,0,0,0,0,0,0,0,0,0),(88,99,11,0,0,0,0,0,0,0,0,0,0,0,0,1),(88,100,11,0,0,0,0,0,0,0,0,0,0,0,0,0),(88,101,11,0,0,0,0,0,0,0,0,0,0,0,0,0),(88,102,11,0,0,0,0,0,0,0,0,0,0,0,0,0),(88,104,11,0,0,0,0,0,0,0,0,0,0,0,0,0),(88,105,11,0,0,0,0,0,0,0,0,0,0,0,0,0),(88,106,11,0,0,0,0,0,0,0,0,0,0,0,0,0),(88,107,11,0,0,0,0,0,0,0,0,0,0,0,0,0),(88,108,11,0,0,0,0,0,0,0,0,0,0,0,0,0),(88,109,11,0,0,0,0,0,0,0,0,0,0,0,0,0),(88,110,11,0,0,0,0,0,0,0,0,0,0,0,0,0),(88,111,11,0,0,0,0,0,0,0,0,0,0,0,0,0),(88,112,11,0,0,0,0,0,0,0,0,0,0,0,0,0),(88,114,11,0,0,0,0,0,0,0,0,0,0,0,0,0),(88,115,11,0,0,0,0,0,0,0,0,0,0,0,0,0),(88,116,11,0,0,0,0,0,0,0,0,0,0,0,0,0),(88,117,11,0,0,0,0,0,0,0,0,0,0,0,0,0),(88,118,11,0,0,0,0,0,0,0,0,0,0,0,0,0),(88,119,11,0,0,0,0,0,0,0,0,0,0,0,0,0),(88,120,11,0,0,0,0,0,0,0,0,0,0,0,0,0),(88,121,11,0,0,0,0,0,0,0,0,0,0,0,0,0),(88,122,11,0,0,0,0,0,0,0,0,0,0,0,0,0),(88,127,11,0,0,0,0,0,0,0,0,0,0,0,0,0),(122,130,30,0,0,0,0,0,0,0,0,0,0,0,0,1),(123,130,30,0,0,0,0,0,0,0,0,0,0,0,0,1),(124,130,30,0,0,0,0,0,0,0,0,0,0,0,0,1),(125,130,30,0,0,0,0,0,0,0,0,0,0,0,0,1),(126,130,30,0,0,0,0,0,0,0,0,0,0,0,0,1),(127,130,30,0,0,0,0,0,0,0,0,0,0,0,0,0),(128,130,30,0,0,0,0,0,0,0,0,0,0,0,0,0),(129,130,30,0,0,0,0,0,0,0,0,0,0,0,0,0),(130,130,30,0,0,0,0,0,0,0,0,0,0,0,0,0),(131,130,30,0,0,0,0,0,0,0,0,0,0,0,0,0),(132,130,30,0,0,0,0,0,0,0,0,0,0,0,0,0),(133,130,30,0,0,0,0,0,0,0,0,0,0,0,0,0),(134,130,30,0,0,0,0,0,0,0,0,0,0,0,0,0),(135,130,30,0,0,0,0,0,0,0,0,0,0,0,0,0),(166,131,25,0,0,0,0,0,0,0,0,0,0,0,0,1),(167,131,25,0,0,0,0,0,0,0,0,0,0,0,0,0),(168,131,25,1,0,0,1,0,0,0,0,0,0,1,1,1),(169,131,25,0,0,0,0,0,0,0,0,0,0,0,0,1),(170,131,25,0,0,0,0,0,0,0,0,0,0,0,0,1),(171,131,25,0,0,0,0,0,0,0,0,0,0,0,0,0),(172,131,25,0,0,0,0,0,0,0,0,0,0,0,0,0),(173,131,25,0,0,0,0,0,0,0,0,0,0,0,0,0),(174,131,25,0,0,0,0,0,0,0,0,0,0,0,0,0),(175,131,25,0,0,0,0,0,0,0,0,0,0,0,0,1),(176,131,25,0,0,0,0,0,0,0,0,0,0,0,0,0),(177,131,25,0,0,0,0,0,0,0,0,0,0,0,0,0),(178,131,25,0,0,0,0,0,0,0,0,0,0,0,0,0),(179,131,25,0,0,0,0,0,0,0,0,0,0,0,0,0),(180,131,25,0,0,0,0,0,0,0,0,0,0,0,0,0),(181,131,15,0,0,0,0,0,0,0,0,0,0,0,0,1),(182,131,15,0,0,0,0,0,0,0,0,0,0,0,0,1),(183,131,15,0,0,0,0,0,0,0,0,0,0,0,0,1),(184,131,15,0,0,0,0,0,0,0,0,0,0,0,0,1),(185,131,15,0,0,0,0,0,0,0,0,0,0,0,0,1),(186,131,15,0,0,0,0,0,0,0,0,0,0,0,0,0),(187,131,15,0,0,0,0,0,0,0,0,0,0,0,0,0),(188,131,15,0,0,0,0,0,0,0,0,0,0,0,0,0),(189,131,15,0,0,0,0,0,0,0,0,0,0,0,0,0),(190,131,15,0,0,0,0,0,0,0,0,0,0,0,0,0),(191,131,15,0,0,0,0,0,0,0,0,0,0,0,0,0),(192,131,15,0,0,0,0,0,0,0,0,0,0,0,0,0),(193,131,15,0,0,0,0,0,0,0,0,0,0,0,0,0),(194,131,15,0,0,0,0,0,0,0,0,0,0,0,0,0),(195,131,15,0,0,0,0,0,0,0,0,0,0,0,0,0),(605,131,25,0,0,0,0,0,0,0,0,0,0,0,0,0),(606,131,15,0,0,0,0,0,0,0,0,0,0,0,0,0),(607,131,15,0,0,0,0,0,0,0,0,0,0,0,0,0);
/*!40000 ALTER TABLE `plays_in` ENABLE KEYS */;
UNLOCK TABLES;

--
-- Table structure for table `team`
--

DROP TABLE IF EXISTS `team`;
/*!40101 SET @saved_cs_client     = @@character_set_client */;
/*!40101 SET character_set_client = utf8 */;
CREATE TABLE `team` (
  `team_id` int(11) NOT NULL AUTO_INCREMENT,
  `name` varchar(64) NOT NULL,
  `nickname` varchar(64) NOT NULL,
  PRIMARY KEY (`team_id`),
  UNIQUE KEY `team_id` (`team_id`)
) ENGINE=InnoDB AUTO_INCREMENT=31 DEFAULT CHARSET=utf8;
/*!40101 SET character_set_client = @saved_cs_client */;

--
-- Dumping data for table `team`
--

LOCK TABLES `team` WRITE;
/*!40000 ALTER TABLE `team` DISABLE KEYS */;
INSERT INTO `team` VALUES (1,'Boston','Celtics'),(2,'Brooklyn','Nets'),(3,'New York','Knicks'),(4,'Philadelphia','76ers'),(5,'Toronto','Raptors'),(6,'Chicago','Bulls'),(7,'Cleveland','Cavaliers'),(8,'Detroit','Pistons'),(9,'Indiana','Pacers'),(10,'Milwaukee','Bucks'),(11,'Atlanta','Hawks'),(12,'Charlotte','Bobcats'),(13,'Miami','Heat'),(14,'Orlando','Magic'),(15,'Washington','Wizards'),(16,'Dallas','Mavericks'),(17,'Houston','Rockets'),(18,'Memphis','Grizzlies'),(19,'New Orleans','Pelicans'),(20,'San Antonio','Spurs'),(21,'Denver','Nuggets'),(22,'Minnesota','Timberwolves'),(23,'Portland Trail','Blazers'),(24,'Oklahoma City','Thunder'),(25,'Utah','Jazz'),(26,'Golden State','Warriors'),(27,'Los Angeles','Clippers'),(28,'Los Angeles','Lakers'),(29,'Phoenix','Suns'),(30,'Sacramento','Kings');
/*!40000 ALTER TABLE `team` ENABLE KEYS */;
UNLOCK TABLES;
/*!40103 SET TIME_ZONE=@OLD_TIME_ZONE */;

/*!40101 SET SQL_MODE=@OLD_SQL_MODE */;
/*!40014 SET FOREIGN_KEY_CHECKS=@OLD_FOREIGN_KEY_CHECKS */;
/*!40014 SET UNIQUE_CHECKS=@OLD_UNIQUE_CHECKS */;
/*!40101 SET CHARACTER_SET_CLIENT=@OLD_CHARACTER_SET_CLIENT */;
/*!40101 SET CHARACTER_SET_RESULTS=@OLD_CHARACTER_SET_RESULTS */;
/*!40101 SET COLLATION_CONNECTION=@OLD_COLLATION_CONNECTION */;
/*!40111 SET SQL_NOTES=@OLD_SQL_NOTES */;

-- Dump completed on 2013-12-25 20:57:01
